country_name,country_text_id,country_id,year,v2x_polyarchy,v2x_libdem,v2x_partipdem,v2x_delibdem,v2x_egaldem
Mexico,MEX,3.0,2016.0,0.638,0.431,0.396,0.496,0.334
Mexico,MEX,3.0,2017.0,0.636,0.443,0.408,0.488,0.333
Mexico,MEX,3.0,2018.0,0.673,0.45,0.427,0.474,0.368
Mexico,MEX,3.0,2019.0,0.675,0.434,0.412,0.421,0.394
Mexico,MEX,3.0,2020.0,0.652,0.407,0.401,0.406,0.37
Mexico,MEX,3.0,2021.0,0.613,0.368,0.392,0.382,0.324
Mexico,MEX,3.0,2022.0,0.571,0.326,0.397,0.349,0.311
Mexico,MEX,3.0,2023.0,0.534,0.299,0.377,0.33,0.286
Suriname,SUR,4.0,2016.0,0.765,0.628,0.484,0.613,0.566
Suriname,SUR,4.0,2017.0,0.756,0.627,0.475,0.615,0.553
Suriname,SUR,4.0,2018.0,0.751,0.61,0.473,0.616,0.552
Suriname,SUR,4.0,2019.0,0.742,0.58,0.467,0.604,0.54
Suriname,SUR,4.0,2020.0,0.754,0.633,0.473,0.562,0.544
Suriname,SUR,4.0,2021.0,0.75,0.631,0.48,0.59,0.552
Suriname,SUR,4.0,2022.0,0.775,0.652,0.498,0.611,0.577
Suriname,SUR,4.0,2023.0,0.753,0.631,0.479,0.593,0.56
Sweden,SWE,5.0,2016.0,0.914,0.881,0.657,0.871,0.845
Sweden,SWE,5.0,2017.0,0.914,0.881,0.655,0.873,0.836
Sweden,SWE,5.0,2018.0,0.909,0.878,0.655,0.866,0.831
Sweden,SWE,5.0,2019.0,0.901,0.871,0.649,0.833,0.824
Sweden,SWE,5.0,2020.0,0.901,0.872,0.648,0.838,0.823
Sweden,SWE,5.0,2021.0,0.901,0.869,0.649,0.838,0.823
Sweden,SWE,5.0,2022.0,0.896,0.867,0.644,0.814,0.812
Sweden,SWE,5.0,2023.0,0.884,0.852,0.631,0.797,0.798
Switzerland,CHE,6.0,2016.0,0.905,0.861,0.807,0.874,0.835
Switzerland,CHE,6.0,2017.0,0.908,0.868,0.81,0.879,0.839
Switzerland,CHE,6.0,2018.0,0.908,0.868,0.81,0.879,0.839
Switzerland,CHE,6.0,2019.0,0.907,0.866,0.805,0.877,0.838
Switzerland,CHE,6.0,2020.0,0.901,0.855,0.796,0.869,0.839
Switzerland,CHE,6.0,2021.0,0.897,0.851,0.799,0.863,0.831
Switzerland,CHE,6.0,2022.0,0.897,0.851,0.799,0.863,0.831
Switzerland,CHE,6.0,2023.0,0.89,0.844,0.792,0.856,0.821
Ghana,GHA,7.0,2016.0,0.73,0.613,0.366,0.599,0.527
Ghana,GHA,7.0,2017.0,0.742,0.631,0.382,0.618,0.52
Ghana,GHA,7.0,2018.0,0.743,0.63,0.381,0.638,0.532
Ghana,GHA,7.0,2019.0,0.725,0.615,0.357,0.606,0.521
Ghana,GHA,7.0,2020.0,0.722,0.612,0.353,0.602,0.518
Ghana,GHA,7.0,2021.0,0.661,0.557,0.323,0.532,0.468
Ghana,GHA,7.0,2022.0,0.664,0.566,0.322,0.557,0.474
Ghana,GHA,7.0,2023.0,0.661,0.562,0.32,0.557,0.475
South Africa,ZAF,8.0,2016.0,0.746,0.636,0.492,0.627,0.504
South Africa,ZAF,8.0,2017.0,0.736,0.622,0.486,0.623,0.493
South Africa,ZAF,8.0,2018.0,0.736,0.624,0.485,0.631,0.486
South Africa,ZAF,8.0,2019.0,0.711,0.607,0.462,0.617,0.474
South Africa,ZAF,8.0,2020.0,0.714,0.601,0.456,0.629,0.486
South Africa,ZAF,8.0,2021.0,0.724,0.609,0.461,0.64,0.51
South Africa,ZAF,8.0,2022.0,0.711,0.604,0.451,0.608,0.501
South Africa,ZAF,8.0,2023.0,0.687,0.584,0.434,0.589,0.466
Japan,JPN,9.0,2016.0,0.82,0.742,0.53,0.735,0.742
Japan,JPN,9.0,2017.0,0.818,0.74,0.535,0.733,0.736
Japan,JPN,9.0,2018.0,0.833,0.758,0.542,0.732,0.752
Japan,JPN,9.0,2019.0,0.831,0.755,0.539,0.735,0.752
Japan,JPN,9.0,2020.0,0.835,0.746,0.542,0.754,0.761
Japan,JPN,9.0,2021.0,0.818,0.729,0.523,0.738,0.746
Japan,JPN,9.0,2022.0,0.817,0.728,0.521,0.726,0.742
Japan,JPN,9.0,2023.0,0.818,0.731,0.524,0.728,0.745
Burma/Myanmar,MMR,10.0,2016.0,0.402,0.233,0.246,0.33,0.212
Burma/Myanmar,MMR,10.0,2017.0,0.405,0.236,0.249,0.323,0.23
Burma/Myanmar,MMR,10.0,2018.0,0.394,0.241,0.252,0.316,0.231
Burma/Myanmar,MMR,10.0,2019.0,0.425,0.26,0.266,0.334,0.245
Burma/Myanmar,MMR,10.0,2020.0,0.422,0.262,0.265,0.344,0.243
Burma/Myanmar,MMR,10.0,2021.0,0.108,0.022,0.101,0.063,0.064
Burma/Myanmar,MMR,10.0,2022.0,0.091,0.017,0.094,0.063,0.058
Burma/Myanmar,MMR,10.0,2023.0,0.081,0.016,0.086,0.062,0.058
Russia,RUS,11.0,2016.0,0.26,0.108,0.149,0.129,0.203
Russia,RUS,11.0,2017.0,0.261,0.109,0.149,0.129,0.204
Russia,RUS,11.0,2018.0,0.263,0.109,0.152,0.141,0.201
Russia,RUS,11.0,2019.0,0.26,0.105,0.152,0.129,0.196
Russia,RUS,11.0,2020.0,0.258,0.099,0.176,0.121,0.194
Russia,RUS,11.0,2021.0,0.244,0.095,0.155,0.114,0.187
Russia,RUS,11.0,2022.0,0.208,0.07,0.137,0.071,0.155
Russia,RUS,11.0,2023.0,0.19,0.062,0.126,0.075,0.132
Albania,ALB,12.0,2016.0,0.529,0.443,0.323,0.297,0.386
Albania,ALB,12.0,2017.0,0.54,0.441,0.327,0.279,0.387
Albania,ALB,12.0,2018.0,0.527,0.432,0.319,0.271,0.385
Albania,ALB,12.0,2019.0,0.517,0.432,0.314,0.265,0.375
Albania,ALB,12.0,2020.0,0.536,0.447,0.332,0.28,0.4
Albania,ALB,12.0,2021.0,0.53,0.439,0.33,0.342,0.401
Albania,ALB,12.0,2022.0,0.523,0.433,0.323,0.3,0.392
Albania,ALB,12.0,2023.0,0.51,0.402,0.316,0.278,0.383
Egypt,EGY,13.0,2016.0,0.179,0.122,0.058,0.117,0.088
Egypt,EGY,13.0,2017.0,0.179,0.115,0.061,0.102,0.093
Egypt,EGY,13.0,2018.0,0.178,0.114,0.062,0.1,0.097
Egypt,EGY,13.0,2019.0,0.176,0.119,0.076,0.1,0.102
Egypt,EGY,13.0,2020.0,0.176,0.121,0.072,0.112,0.103
Egypt,EGY,13.0,2021.0,0.183,0.12,0.073,0.111,0.1
Egypt,EGY,13.0,2022.0,0.185,0.129,0.079,0.103,0.104
Egypt,EGY,13.0,2023.0,0.189,0.129,0.079,0.103,0.109
Yemen,YEM,14.0,2016.0,0.115,0.038,0.067,0.028,0.034
Yemen,YEM,14.0,2017.0,0.113,0.036,0.067,0.025,0.023
Yemen,YEM,14.0,2018.0,0.114,0.037,0.068,0.029,0.023
Yemen,YEM,14.0,2019.0,0.119,0.04,0.066,0.029,0.023
Yemen,YEM,14.0,2020.0,0.115,0.035,0.062,0.027,0.022
Yemen,YEM,14.0,2021.0,0.117,0.034,0.064,0.02,0.022
Yemen,YEM,14.0,2022.0,0.125,0.043,0.067,0.052,0.022
Yemen,YEM,14.0,2023.0,0.13,0.048,0.069,0.06,0.04
Colombia,COL,15.0,2016.0,0.677,0.548,0.487,0.565,0.398
Colombia,COL,15.0,2017.0,0.676,0.547,0.48,0.558,0.391
Colombia,COL,15.0,2018.0,0.667,0.537,0.474,0.482,0.377
Colombia,COL,15.0,2019.0,0.649,0.507,0.451,0.429,0.358
Colombia,COL,15.0,2020.0,0.64,0.491,0.439,0.396,0.327
Colombia,COL,15.0,2021.0,0.646,0.489,0.443,0.413,0.343
Colombia,COL,15.0,2022.0,0.694,0.557,0.484,0.515,0.407
Colombia,COL,15.0,2023.0,0.704,0.565,0.485,0.51,0.425
Poland,POL,17.0,2016.0,0.728,0.6,0.485,0.508,0.645
Poland,POL,17.0,2017.0,0.69,0.539,0.454,0.466,0.603
Poland,POL,17.0,2018.0,0.688,0.518,0.45,0.474,0.602
Poland,POL,17.0,2019.0,0.684,0.507,0.447,0.451,0.597
Poland,POL,17.0,2020.0,0.613,0.449,0.393,0.401,0.526
Poland,POL,17.0,2021.0,0.587,0.425,0.367,0.38,0.506
Poland,POL,17.0,2022.0,0.579,0.421,0.356,0.363,0.503
Poland,POL,17.0,2023.0,0.588,0.444,0.366,0.438,0.514
Brazil,BRA,19.0,2016.0,0.778,0.659,0.523,0.567,0.485
Brazil,BRA,19.0,2017.0,0.773,0.644,0.507,0.569,0.468
Brazil,BRA,19.0,2018.0,0.748,0.612,0.48,0.52,0.443
Brazil,BRA,19.0,2019.0,0.691,0.536,0.437,0.471,0.392
Brazil,BRA,19.0,2020.0,0.696,0.539,0.448,0.471,0.389
Brazil,BRA,19.0,2021.0,0.675,0.528,0.43,0.481,0.379
Brazil,BRA,19.0,2022.0,0.692,0.543,0.442,0.492,0.39
Brazil,BRA,19.0,2023.0,0.784,0.692,0.546,0.711,0.515
United States of America,USA,20.0,2016.0,0.891,0.838,0.647,0.815,0.715
United States of America,USA,20.0,2017.0,0.833,0.753,0.598,0.636,0.652
United States of America,USA,20.0,2018.0,0.822,0.74,0.587,0.624,0.643
United States of America,USA,20.0,2019.0,0.812,0.737,0.58,0.623,0.633
United States of America,USA,20.0,2020.0,0.811,0.729,0.577,0.6,0.625
United States of America,USA,20.0,2021.0,0.825,0.756,0.588,0.711,0.6
United States of America,USA,20.0,2022.0,0.834,0.765,0.597,0.714,0.61
United States of America,USA,20.0,2023.0,0.848,0.772,0.606,0.716,0.602
Portugal,PRT,21.0,2016.0,0.889,0.832,0.638,0.837,0.809
Portugal,PRT,21.0,2017.0,0.898,0.848,0.641,0.844,0.814
Portugal,PRT,21.0,2018.0,0.899,0.849,0.636,0.85,0.817
Portugal,PRT,21.0,2019.0,0.883,0.82,0.619,0.829,0.791
Portugal,PRT,21.0,2020.0,0.886,0.808,0.611,0.809,0.783
Portugal,PRT,21.0,2021.0,0.89,0.817,0.617,0.8,0.772
Portugal,PRT,21.0,2022.0,0.844,0.756,0.579,0.74,0.729
Portugal,PRT,21.0,2023.0,0.845,0.751,0.573,0.735,0.69
El Salvador,SLV,22.0,2016.0,0.665,0.471,0.412,0.446,0.326
El Salvador,SLV,22.0,2017.0,0.672,0.471,0.416,0.447,0.329
El Salvador,SLV,22.0,2018.0,0.643,0.445,0.406,0.419,0.303
El Salvador,SLV,22.0,2019.0,0.6,0.401,0.353,0.306,0.288
El Salvador,SLV,22.0,2020.0,0.522,0.319,0.302,0.234,0.248
El Salvador,SLV,22.0,2021.0,0.406,0.163,0.235,0.155,0.197
El Salvador,SLV,22.0,2022.0,0.39,0.124,0.224,0.15,0.167
El Salvador,SLV,22.0,2023.0,0.388,0.111,0.225,0.153,0.17
Bangladesh,BGD,24.0,2016.0,0.279,0.111,0.134,0.148,0.127
Bangladesh,BGD,24.0,2017.0,0.273,0.108,0.136,0.143,0.108
Bangladesh,BGD,24.0,2018.0,0.26,0.103,0.122,0.105,0.1
Bangladesh,BGD,24.0,2019.0,0.253,0.096,0.119,0.111,0.102
Bangladesh,BGD,24.0,2020.0,0.257,0.096,0.12,0.104,0.098
Bangladesh,BGD,24.0,2021.0,0.252,0.094,0.116,0.103,0.099
Bangladesh,BGD,24.0,2022.0,0.262,0.096,0.122,0.107,0.106
Bangladesh,BGD,24.0,2023.0,0.253,0.096,0.122,0.123,0.103
Bolivia,BOL,25.0,2016.0,0.628,0.381,0.465,0.448,0.424
Bolivia,BOL,25.0,2017.0,0.621,0.37,0.459,0.425,0.419
Bolivia,BOL,25.0,2018.0,0.598,0.345,0.439,0.419,0.406
Bolivia,BOL,25.0,2019.0,0.477,0.253,0.351,0.319,0.303
Bolivia,BOL,25.0,2020.0,0.332,0.232,0.264,0.207,0.227
Bolivia,BOL,25.0,2021.0,0.606,0.358,0.428,0.414,0.4
Bolivia,BOL,25.0,2022.0,0.595,0.343,0.417,0.373,0.394
Bolivia,BOL,25.0,2023.0,0.586,0.353,0.398,0.361,0.383
Haiti,HTI,26.0,2016.0,0.396,0.243,0.233,0.254,0.118
Haiti,HTI,26.0,2017.0,0.404,0.239,0.237,0.257,0.121
Haiti,HTI,26.0,2018.0,0.41,0.243,0.243,0.263,0.123
Haiti,HTI,26.0,2019.0,0.4,0.233,0.216,0.249,0.117
Haiti,HTI,26.0,2020.0,0.376,0.22,0.149,0.262,0.111
Haiti,HTI,26.0,2021.0,0.319,0.195,0.182,0.252,0.092
Haiti,HTI,26.0,2022.0,0.217,0.144,0.098,0.208,0.066
Haiti,HTI,26.0,2023.0,0.214,0.066,0.098,0.197,0.06
Honduras,HND,27.0,2016.0,0.431,0.259,0.281,0.29,0.171
Honduras,HND,27.0,2017.0,0.414,0.249,0.271,0.273,0.164
Honduras,HND,27.0,2018.0,0.367,0.238,0.248,0.258,0.15
Honduras,HND,27.0,2019.0,0.373,0.234,0.253,0.264,0.155
Honduras,HND,27.0,2020.0,0.376,0.237,0.252,0.261,0.15
Honduras,HND,27.0,2021.0,0.395,0.248,0.266,0.273,0.154
Honduras,HND,27.0,2022.0,0.537,0.386,0.342,0.365,0.261
Honduras,HND,27.0,2023.0,0.534,0.394,0.326,0.383,0.26
Mali,MLI,28.0,2016.0,0.544,0.35,0.328,0.45,0.346
Mali,MLI,28.0,2017.0,0.53,0.327,0.32,0.417,0.343
Mali,MLI,28.0,2018.0,0.515,0.308,0.309,0.398,0.313
Mali,MLI,28.0,2019.0,0.511,0.32,0.309,0.419,0.32
Mali,MLI,28.0,2020.0,0.372,0.234,0.236,0.333,0.252
Mali,MLI,28.0,2021.0,0.243,0.158,0.177,0.241,0.184
Mali,MLI,28.0,2022.0,0.233,0.15,0.174,0.252,0.196
Mali,MLI,28.0,2023.0,0.229,0.148,0.198,0.239,0.206
Pakistan,PAK,29.0,2016.0,0.432,0.26,0.267,0.302,0.152
Pakistan,PAK,29.0,2017.0,0.426,0.258,0.264,0.309,0.153
Pakistan,PAK,29.0,2018.0,0.402,0.255,0.26,0.319,0.144
Pakistan,PAK,29.0,2019.0,0.379,0.239,0.244,0.301,0.137
Pakistan,PAK,29.0,2020.0,0.387,0.258,0.255,0.33,0.147
Pakistan,PAK,29.0,2021.0,0.402,0.253,0.255,0.297,0.165
Pakistan,PAK,29.0,2022.0,0.393,0.234,0.254,0.301,0.146
Pakistan,PAK,29.0,2023.0,0.344,0.212,0.231,0.229,0.129
Peru,PER,30.0,2016.0,0.788,0.674,0.551,0.609,0.511
Peru,PER,30.0,2017.0,0.79,0.679,0.552,0.62,0.511
Peru,PER,30.0,2018.0,0.81,0.7,0.61,0.613,0.526
Peru,PER,30.0,2019.0,0.805,0.697,0.586,0.599,0.526
Peru,PER,30.0,2020.0,0.818,0.711,0.601,0.611,0.533
Peru,PER,30.0,2021.0,0.769,0.661,0.543,0.578,0.486
Peru,PER,30.0,2022.0,0.746,0.634,0.514,0.444,0.452
Peru,PER,30.0,2023.0,0.699,0.576,0.471,0.408,0.417
Senegal,SEN,31.0,2016.0,0.721,0.579,0.455,0.601,0.538
Senegal,SEN,31.0,2017.0,0.7,0.555,0.455,0.574,0.528
Senegal,SEN,31.0,2018.0,0.699,0.551,0.456,0.574,0.513
Senegal,SEN,31.0,2019.0,0.725,0.573,0.472,0.606,0.526
Senegal,SEN,31.0,2020.0,0.74,0.573,0.476,0.619,0.554
Senegal,SEN,31.0,2021.0,0.726,0.569,0.464,0.606,0.547
Senegal,SEN,31.0,2022.0,0.688,0.534,0.443,0.576,0.518
Senegal,SEN,31.0,2023.0,0.617,0.459,0.392,0.519,0.446
South Sudan,SSD,32.0,2016.0,0.163,0.049,0.066,0.04,0.034
South Sudan,SSD,32.0,2017.0,0.16,0.057,0.058,0.048,0.034
South Sudan,SSD,32.0,2018.0,0.157,0.049,0.058,0.05,0.03
South Sudan,SSD,32.0,2019.0,0.164,0.062,0.065,0.044,0.041
South Sudan,SSD,32.0,2020.0,0.173,0.067,0.094,0.047,0.042
South Sudan,SSD,32.0,2021.0,0.131,0.055,0.056,0.123,0.028
South Sudan,SSD,32.0,2022.0,0.128,0.06,0.052,0.038,0.032
South Sudan,SSD,32.0,2023.0,0.143,0.065,0.075,0.032,0.034
Sudan,SDN,33.0,2016.0,0.237,0.066,0.088,0.069,0.065
Sudan,SDN,33.0,2017.0,0.246,0.076,0.094,0.095,0.067
Sudan,SDN,33.0,2018.0,0.246,0.07,0.092,0.082,0.078
Sudan,SDN,33.0,2019.0,0.207,0.076,0.118,0.189,0.078
Sudan,SDN,33.0,2020.0,0.165,0.061,0.106,0.172,0.061
Sudan,SDN,33.0,2021.0,0.155,0.054,0.083,0.049,0.069
Sudan,SDN,33.0,2022.0,0.159,0.055,0.105,0.059,0.072
Sudan,SDN,33.0,2023.0,0.135,0.046,0.087,0.055,0.067
Vietnam,VNM,34.0,2016.0,0.15,0.122,0.168,0.185,0.212
Vietnam,VNM,34.0,2017.0,0.152,0.119,0.169,0.186,0.209
Vietnam,VNM,34.0,2018.0,0.163,0.116,0.173,0.189,0.203
Vietnam,VNM,34.0,2019.0,0.212,0.121,0.189,0.205,0.217
Vietnam,VNM,34.0,2020.0,0.211,0.109,0.183,0.193,0.218
Vietnam,VNM,34.0,2021.0,0.17,0.11,0.171,0.19,0.189
Vietnam,VNM,34.0,2022.0,0.154,0.109,0.16,0.179,0.194
Vietnam,VNM,34.0,2023.0,0.149,0.114,0.166,0.182,0.194
Afghanistan,AFG,36.0,2016.0,0.352,0.208,0.151,0.298,0.215
Afghanistan,AFG,36.0,2017.0,0.357,0.209,0.145,0.262,0.211
Afghanistan,AFG,36.0,2018.0,0.354,0.199,0.168,0.3,0.206
Afghanistan,AFG,36.0,2019.0,0.356,0.184,0.137,0.3,0.204
Afghanistan,AFG,36.0,2020.0,0.361,0.191,0.142,0.291,0.202
Afghanistan,AFG,36.0,2021.0,0.157,0.034,0.043,0.042,0.074
Afghanistan,AFG,36.0,2022.0,0.079,0.028,0.015,0.036,0.031
Afghanistan,AFG,36.0,2023.0,0.075,0.03,0.012,0.029,0.033
Argentina,ARG,37.0,2016.0,0.757,0.62,0.504,0.599,0.598
Argentina,ARG,37.0,2017.0,0.753,0.614,0.502,0.582,0.579
Argentina,ARG,37.0,2018.0,0.789,0.641,0.527,0.612,0.613
Argentina,ARG,37.0,2019.0,0.789,0.631,0.526,0.602,0.621
Argentina,ARG,37.0,2020.0,0.812,0.654,0.551,0.659,0.635
Argentina,ARG,37.0,2021.0,0.808,0.656,0.547,0.647,0.629
Argentina,ARG,37.0,2022.0,0.835,0.659,0.569,0.643,0.659
Argentina,ARG,37.0,2023.0,0.84,0.69,0.571,0.623,0.666
Ethiopia,ETH,38.0,2016.0,0.229,0.099,0.092,0.147,0.163
Ethiopia,ETH,38.0,2017.0,0.228,0.098,0.095,0.145,0.171
Ethiopia,ETH,38.0,2018.0,0.273,0.132,0.115,0.227,0.204
Ethiopia,ETH,38.0,2019.0,0.333,0.159,0.169,0.285,0.234
Ethiopia,ETH,38.0,2020.0,0.323,0.151,0.166,0.285,0.227
Ethiopia,ETH,38.0,2021.0,0.293,0.136,0.166,0.249,0.219
Ethiopia,ETH,38.0,2022.0,0.3,0.134,0.17,0.26,0.198
Ethiopia,ETH,38.0,2023.0,0.283,0.11,0.156,0.231,0.2
India,IND,39.0,2016.0,0.533,0.409,0.325,0.402,0.307
India,IND,39.0,2017.0,0.491,0.37,0.3,0.359,0.283
India,IND,39.0,2018.0,0.482,0.364,0.299,0.35,0.274
India,IND,39.0,2019.0,0.433,0.325,0.271,0.297,0.227
India,IND,39.0,2020.0,0.394,0.294,0.254,0.258,0.226
India,IND,39.0,2021.0,0.398,0.307,0.254,0.283,0.237
India,IND,39.0,2022.0,0.385,0.29,0.253,0.282,0.218
India,IND,39.0,2023.0,0.377,0.275,0.234,0.271,0.206
Kenya,KEN,40.0,2016.0,0.535,0.422,0.375,0.435,0.333
Kenya,KEN,40.0,2017.0,0.511,0.407,0.361,0.398,0.317
Kenya,KEN,40.0,2018.0,0.495,0.392,0.343,0.389,0.314
Kenya,KEN,40.0,2019.0,0.495,0.395,0.337,0.431,0.315
Kenya,KEN,40.0,2020.0,0.499,0.4,0.348,0.437,0.325
Kenya,KEN,40.0,2021.0,0.509,0.426,0.343,0.436,0.332
Kenya,KEN,40.0,2022.0,0.546,0.449,0.371,0.461,0.37
Kenya,KEN,40.0,2023.0,0.564,0.456,0.372,0.471,0.366
North Korea,PRK,41.0,2016.0,0.085,0.015,0.044,0.01,0.086
North Korea,PRK,41.0,2017.0,0.085,0.015,0.044,0.01,0.089
North Korea,PRK,41.0,2018.0,0.085,0.015,0.044,0.01,0.087
North Korea,PRK,41.0,2019.0,0.085,0.015,0.044,0.01,0.085
North Korea,PRK,41.0,2020.0,0.084,0.015,0.044,0.013,0.085
North Korea,PRK,41.0,2021.0,0.084,0.015,0.045,0.013,0.085
North Korea,PRK,41.0,2022.0,0.085,0.015,0.045,0.011,0.085
North Korea,PRK,41.0,2023.0,0.084,0.015,0.045,0.014,0.088
South Korea,KOR,42.0,2016.0,0.726,0.626,0.474,0.576,0.614
South Korea,KOR,42.0,2017.0,0.861,0.798,0.602,0.792,0.753
South Korea,KOR,42.0,2018.0,0.866,0.799,0.604,0.794,0.751
South Korea,KOR,42.0,2019.0,0.847,0.783,0.58,0.764,0.743
South Korea,KOR,42.0,2020.0,0.856,0.79,0.59,0.785,0.747
South Korea,KOR,42.0,2021.0,0.856,0.781,0.591,0.793,0.748
South Korea,KOR,42.0,2022.0,0.814,0.731,0.548,0.703,0.709
South Korea,KOR,42.0,2023.0,0.703,0.604,0.466,0.591,0.602
Kosovo,XKX,43.0,2016.0,0.642,0.446,0.376,0.434,0.442
Kosovo,XKX,43.0,2017.0,0.572,0.397,0.342,0.389,0.407
Kosovo,XKX,43.0,2018.0,0.654,0.466,0.39,0.442,0.455
Kosovo,XKX,43.0,2019.0,0.674,0.492,0.406,0.467,0.47
Kosovo,XKX,43.0,2020.0,0.661,0.484,0.398,0.452,0.466
Kosovo,XKX,43.0,2021.0,0.666,0.488,0.4,0.472,0.479
Kosovo,XKX,43.0,2022.0,0.675,0.508,0.403,0.459,0.484
Kosovo,XKX,43.0,2023.0,0.674,0.494,0.404,0.439,0.487
Lebanon,LBN,44.0,2016.0,0.484,0.298,0.271,0.392,0.311
Lebanon,LBN,44.0,2017.0,0.478,0.3,0.27,0.336,0.262
Lebanon,LBN,44.0,2018.0,0.447,0.284,0.256,0.293,0.247
Lebanon,LBN,44.0,2019.0,0.435,0.275,0.237,0.307,0.239
Lebanon,LBN,44.0,2020.0,0.438,0.274,0.241,0.322,0.228
Lebanon,LBN,44.0,2021.0,0.44,0.271,0.239,0.329,0.261
Lebanon,LBN,44.0,2022.0,0.409,0.253,0.23,0.307,0.253
Lebanon,LBN,44.0,2023.0,0.364,0.237,0.217,0.285,0.227
Nigeria,NGA,45.0,2016.0,0.562,0.398,0.376,0.43,0.328
Nigeria,NGA,45.0,2017.0,0.563,0.395,0.377,0.42,0.331
Nigeria,NGA,45.0,2018.0,0.556,0.396,0.374,0.404,0.329
Nigeria,NGA,45.0,2019.0,0.525,0.362,0.353,0.362,0.31
Nigeria,NGA,45.0,2020.0,0.523,0.357,0.351,0.355,0.304
Nigeria,NGA,45.0,2021.0,0.476,0.323,0.32,0.306,0.266
Nigeria,NGA,45.0,2022.0,0.488,0.322,0.326,0.323,0.272
Nigeria,NGA,45.0,2023.0,0.491,0.327,0.33,0.336,0.284
Philippines,PHL,46.0,2016.0,0.518,0.363,0.35,0.42,0.265
Philippines,PHL,46.0,2017.0,0.505,0.347,0.341,0.414,0.243
Philippines,PHL,46.0,2018.0,0.483,0.314,0.321,0.397,0.234
Philippines,PHL,46.0,2019.0,0.451,0.296,0.313,0.385,0.204
Philippines,PHL,46.0,2020.0,0.426,0.284,0.287,0.364,0.182
Philippines,PHL,46.0,2021.0,0.43,0.281,0.29,0.366,0.183
Philippines,PHL,46.0,2022.0,0.426,0.284,0.286,0.355,0.193
Philippines,PHL,46.0,2023.0,0.43,0.287,0.282,0.35,0.194
Tanzania,TZA,47.0,2016.0,0.415,0.357,0.272,0.331,0.347
Tanzania,TZA,47.0,2017.0,0.41,0.351,0.268,0.339,0.348
Tanzania,TZA,47.0,2018.0,0.395,0.338,0.265,0.332,0.333
Tanzania,TZA,47.0,2019.0,0.391,0.337,0.26,0.346,0.328
Tanzania,TZA,47.0,2020.0,0.389,0.345,0.259,0.335,0.334
Tanzania,TZA,47.0,2021.0,0.373,0.338,0.257,0.315,0.332
Tanzania,TZA,47.0,2022.0,0.402,0.362,0.265,0.336,0.351
Tanzania,TZA,47.0,2023.0,0.435,0.39,0.27,0.362,0.339
Taiwan,TWN,48.0,2016.0,0.839,0.73,0.632,0.749,0.748
Taiwan,TWN,48.0,2017.0,0.845,0.737,0.63,0.746,0.75
Taiwan,TWN,48.0,2018.0,0.845,0.736,0.669,0.743,0.749
Taiwan,TWN,48.0,2019.0,0.835,0.723,0.647,0.72,0.748
Taiwan,TWN,48.0,2020.0,0.819,0.712,0.627,0.721,0.734
Taiwan,TWN,48.0,2021.0,0.819,0.703,0.626,0.728,0.736
Taiwan,TWN,48.0,2022.0,0.824,0.722,0.65,0.725,0.741
Taiwan,TWN,48.0,2023.0,0.823,0.722,0.644,0.73,0.741
Thailand,THA,49.0,2016.0,0.153,0.102,0.088,0.025,0.144
Thailand,THA,49.0,2017.0,0.147,0.1,0.104,0.028,0.141
Thailand,THA,49.0,2018.0,0.166,0.109,0.109,0.03,0.145
Thailand,THA,49.0,2019.0,0.205,0.185,0.12,0.056,0.159
Thailand,THA,49.0,2020.0,0.192,0.177,0.115,0.053,0.155
Thailand,THA,49.0,2021.0,0.199,0.178,0.13,0.055,0.158
Thailand,THA,49.0,2022.0,0.206,0.186,0.127,0.079,0.16
Thailand,THA,49.0,2023.0,0.288,0.228,0.161,0.145,0.188
Uganda,UGA,50.0,2016.0,0.298,0.227,0.215,0.244,0.185
Uganda,UGA,50.0,2017.0,0.298,0.214,0.218,0.272,0.182
Uganda,UGA,50.0,2018.0,0.293,0.212,0.215,0.27,0.173
Uganda,UGA,50.0,2019.0,0.292,0.213,0.207,0.257,0.174
Uganda,UGA,50.0,2020.0,0.295,0.217,0.197,0.256,0.166
Uganda,UGA,50.0,2021.0,0.284,0.204,0.172,0.251,0.164
Uganda,UGA,50.0,2022.0,0.278,0.212,0.169,0.253,0.173
Uganda,UGA,50.0,2023.0,0.28,0.217,0.158,0.253,0.167
Venezuela,VEN,51.0,2016.0,0.291,0.115,0.207,0.063,0.183
Venezuela,VEN,51.0,2017.0,0.235,0.085,0.175,0.048,0.157
Venezuela,VEN,51.0,2018.0,0.214,0.06,0.16,0.04,0.129
Venezuela,VEN,51.0,2019.0,0.207,0.059,0.158,0.041,0.126
Venezuela,VEN,51.0,2020.0,0.207,0.057,0.155,0.04,0.12
Venezuela,VEN,51.0,2021.0,0.221,0.06,0.16,0.045,0.116
Venezuela,VEN,51.0,2022.0,0.212,0.056,0.146,0.044,0.108
Venezuela,VEN,51.0,2023.0,0.211,0.055,0.163,0.041,0.105
Benin,BEN,52.0,2016.0,0.713,0.587,0.482,0.635,0.56
Benin,BEN,52.0,2017.0,0.709,0.595,0.478,0.581,0.543
Benin,BEN,52.0,2018.0,0.618,0.485,0.402,0.442,0.469
Benin,BEN,52.0,2019.0,0.466,0.341,0.285,0.319,0.369
Benin,BEN,52.0,2020.0,0.415,0.287,0.249,0.287,0.329
Benin,BEN,52.0,2021.0,0.397,0.275,0.244,0.271,0.321
Benin,BEN,52.0,2022.0,0.436,0.294,0.258,0.268,0.342
Benin,BEN,52.0,2023.0,0.498,0.325,0.284,0.3,0.385
Bhutan,BTN,53.0,2016.0,0.566,0.475,0.357,0.483,0.474
Bhutan,BTN,53.0,2017.0,0.574,0.482,0.366,0.512,0.485
Bhutan,BTN,53.0,2018.0,0.582,0.497,0.365,0.519,0.484
Bhutan,BTN,53.0,2019.0,0.601,0.525,0.381,0.533,0.501
Bhutan,BTN,53.0,2020.0,0.596,0.515,0.381,0.514,0.505
Bhutan,BTN,53.0,2021.0,0.571,0.483,0.368,0.507,0.48
Bhutan,BTN,53.0,2022.0,0.553,0.465,0.349,0.505,0.468
Bhutan,BTN,53.0,2023.0,0.527,0.445,0.332,0.487,0.45
Burkina Faso,BFA,54.0,2016.0,0.69,0.51,0.417,0.585,0.441
Burkina Faso,BFA,54.0,2017.0,0.691,0.518,0.42,0.574,0.431
Burkina Faso,BFA,54.0,2018.0,0.676,0.495,0.41,0.561,0.457
Burkina Faso,BFA,54.0,2019.0,0.661,0.482,0.398,0.539,0.423
Burkina Faso,BFA,54.0,2020.0,0.659,0.485,0.396,0.541,0.419
Burkina Faso,BFA,54.0,2021.0,0.626,0.455,0.354,0.516,0.398
Burkina Faso,BFA,54.0,2022.0,0.296,0.236,0.187,0.295,0.236
Burkina Faso,BFA,54.0,2023.0,0.205,0.182,0.142,0.224,0.2
Cambodia,KHM,55.0,2016.0,0.277,0.102,0.163,0.124,0.105
Cambodia,KHM,55.0,2017.0,0.237,0.079,0.154,0.081,0.089
Cambodia,KHM,55.0,2018.0,0.214,0.072,0.135,0.061,0.084
Cambodia,KHM,55.0,2019.0,0.196,0.065,0.131,0.061,0.09
Cambodia,KHM,55.0,2020.0,0.194,0.065,0.137,0.07,0.09
Cambodia,KHM,55.0,2021.0,0.196,0.066,0.13,0.07,0.084
Cambodia,KHM,55.0,2022.0,0.205,0.064,0.129,0.072,0.093
Cambodia,KHM,55.0,2023.0,0.198,0.057,0.127,0.074,0.083
Indonesia,IDN,56.0,2016.0,0.644,0.502,0.435,0.55,0.415
Indonesia,IDN,56.0,2017.0,0.631,0.487,0.422,0.533,0.398
Indonesia,IDN,56.0,2018.0,0.603,0.465,0.402,0.511,0.375
Indonesia,IDN,56.0,2019.0,0.601,0.462,0.398,0.516,0.359
Indonesia,IDN,56.0,2020.0,0.576,0.416,0.379,0.497,0.309
Indonesia,IDN,56.0,2021.0,0.558,0.407,0.365,0.475,0.301
Indonesia,IDN,56.0,2022.0,0.565,0.394,0.376,0.463,0.309
Indonesia,IDN,56.0,2023.0,0.541,0.36,0.353,0.45,0.291
Mozambique,MOZ,57.0,2016.0,0.434,0.292,0.276,0.306,0.274
Mozambique,MOZ,57.0,2017.0,0.409,0.275,0.265,0.301,0.262
Mozambique,MOZ,57.0,2018.0,0.401,0.269,0.258,0.281,0.256
Mozambique,MOZ,57.0,2019.0,0.393,0.254,0.245,0.264,0.246
Mozambique,MOZ,57.0,2020.0,0.365,0.234,0.228,0.254,0.235
Mozambique,MOZ,57.0,2021.0,0.365,0.234,0.248,0.255,0.231
Mozambique,MOZ,57.0,2022.0,0.363,0.237,0.232,0.248,0.231
Mozambique,MOZ,57.0,2023.0,0.353,0.221,0.235,0.244,0.227
Nepal,NPL,58.0,2016.0,0.662,0.556,0.372,0.44,0.443
Nepal,NPL,58.0,2017.0,0.663,0.558,0.446,0.455,0.462
Nepal,NPL,58.0,2018.0,0.636,0.523,0.425,0.431,0.43
Nepal,NPL,58.0,2019.0,0.601,0.478,0.396,0.405,0.391
Nepal,NPL,58.0,2020.0,0.598,0.475,0.392,0.382,0.385
Nepal,NPL,58.0,2021.0,0.609,0.488,0.391,0.358,0.387
Nepal,NPL,58.0,2022.0,0.633,0.502,0.424,0.389,0.413
Nepal,NPL,58.0,2023.0,0.681,0.523,0.452,0.419,0.442
Nicaragua,NIC,59.0,2016.0,0.31,0.122,0.18,0.131,0.166
Nicaragua,NIC,59.0,2017.0,0.285,0.105,0.166,0.124,0.144
Nicaragua,NIC,59.0,2018.0,0.223,0.051,0.131,0.028,0.124
Nicaragua,NIC,59.0,2019.0,0.219,0.047,0.129,0.026,0.121
Nicaragua,NIC,59.0,2020.0,0.22,0.045,0.124,0.028,0.126
Nicaragua,NIC,59.0,2021.0,0.198,0.035,0.109,0.028,0.107
Nicaragua,NIC,59.0,2022.0,0.171,0.031,0.1,0.024,0.09
Nicaragua,NIC,59.0,2023.0,0.17,0.027,0.094,0.024,0.1
Niger,NER,60.0,2016.0,0.579,0.455,0.367,0.519,0.392
Niger,NER,60.0,2017.0,0.549,0.424,0.344,0.502,0.384
Niger,NER,60.0,2018.0,0.538,0.405,0.312,0.496,0.373
Niger,NER,60.0,2019.0,0.534,0.399,0.338,0.495,0.358
Niger,NER,60.0,2020.0,0.547,0.4,0.36,0.507,0.364
Niger,NER,60.0,2021.0,0.52,0.396,0.337,0.487,0.356
Niger,NER,60.0,2022.0,0.509,0.385,0.328,0.457,0.346
Niger,NER,60.0,2023.0,0.389,0.282,0.276,0.347,0.283
Zambia,ZMB,61.0,2016.0,0.388,0.31,0.254,0.26,0.246
Zambia,ZMB,61.0,2017.0,0.338,0.262,0.212,0.269,0.235
Zambia,ZMB,61.0,2018.0,0.344,0.259,0.248,0.299,0.237
Zambia,ZMB,61.0,2019.0,0.335,0.278,0.241,0.242,0.209
Zambia,ZMB,61.0,2020.0,0.329,0.263,0.219,0.265,0.181
Zambia,ZMB,61.0,2021.0,0.405,0.311,0.281,0.222,0.262
Zambia,ZMB,61.0,2022.0,0.522,0.433,0.365,0.464,0.326
Zambia,ZMB,61.0,2023.0,0.529,0.424,0.37,0.467,0.34
Zimbabwe,ZWE,62.0,2016.0,0.289,0.201,0.231,0.206,0.184
Zimbabwe,ZWE,62.0,2017.0,0.291,0.222,0.235,0.219,0.188
Zimbabwe,ZWE,62.0,2018.0,0.298,0.209,0.242,0.214,0.186
Zimbabwe,ZWE,62.0,2019.0,0.288,0.195,0.234,0.205,0.182
Zimbabwe,ZWE,62.0,2020.0,0.287,0.187,0.223,0.201,0.206
Zimbabwe,ZWE,62.0,2021.0,0.286,0.189,0.222,0.205,0.196
Zimbabwe,ZWE,62.0,2022.0,0.282,0.183,0.219,0.209,0.189
Zimbabwe,ZWE,62.0,2023.0,0.288,0.174,0.205,0.211,0.151
Guinea,GIN,63.0,2016.0,0.371,0.166,0.243,0.152,0.216
Guinea,GIN,63.0,2017.0,0.362,0.162,0.231,0.151,0.205
Guinea,GIN,63.0,2018.0,0.362,0.16,0.232,0.153,0.204
Guinea,GIN,63.0,2019.0,0.352,0.145,0.224,0.136,0.184
Guinea,GIN,63.0,2020.0,0.299,0.12,0.209,0.117,0.164
Guinea,GIN,63.0,2021.0,0.258,0.104,0.194,0.105,0.148
Guinea,GIN,63.0,2022.0,0.186,0.09,0.168,0.081,0.127
Guinea,GIN,63.0,2023.0,0.18,0.088,0.137,0.08,0.127
Ivory Coast,CIV,64.0,2016.0,0.529,0.356,0.355,0.441,0.324
Ivory Coast,CIV,64.0,2017.0,0.542,0.346,0.371,0.47,0.351
Ivory Coast,CIV,64.0,2018.0,0.541,0.348,0.369,0.476,0.349
Ivory Coast,CIV,64.0,2019.0,0.534,0.33,0.364,0.449,0.342
Ivory Coast,CIV,64.0,2020.0,0.51,0.27,0.348,0.428,0.288
Ivory Coast,CIV,64.0,2021.0,0.443,0.244,0.31,0.385,0.26
Ivory Coast,CIV,64.0,2022.0,0.455,0.246,0.31,0.391,0.273
Ivory Coast,CIV,64.0,2023.0,0.454,0.253,0.311,0.39,0.275
Mauritania,MRT,65.0,2016.0,0.431,0.181,0.178,0.254,0.187
Mauritania,MRT,65.0,2017.0,0.386,0.159,0.169,0.211,0.157
Mauritania,MRT,65.0,2018.0,0.391,0.173,0.217,0.235,0.172
Mauritania,MRT,65.0,2019.0,0.405,0.187,0.257,0.283,0.181
Mauritania,MRT,65.0,2020.0,0.391,0.206,0.244,0.266,0.181
Mauritania,MRT,65.0,2021.0,0.394,0.197,0.248,0.261,0.172
Mauritania,MRT,65.0,2022.0,0.396,0.196,0.249,0.247,0.178
Mauritania,MRT,65.0,2023.0,0.363,0.184,0.234,0.242,0.17
Canada,CAN,66.0,2016.0,0.843,0.774,0.59,0.77,0.72
Canada,CAN,66.0,2017.0,0.847,0.777,0.596,0.769,0.736
Canada,CAN,66.0,2018.0,0.847,0.773,0.598,0.769,0.736
Canada,CAN,66.0,2019.0,0.863,0.781,0.612,0.794,0.747
Canada,CAN,66.0,2020.0,0.858,0.761,0.608,0.764,0.751
Canada,CAN,66.0,2021.0,0.853,0.766,0.604,0.734,0.747
Canada,CAN,66.0,2022.0,0.855,0.759,0.606,0.719,0.689
Canada,CAN,66.0,2023.0,0.856,0.755,0.605,0.713,0.688
Australia,AUS,67.0,2016.0,0.871,0.832,0.607,0.804,0.756
Australia,AUS,67.0,2017.0,0.87,0.827,0.635,0.803,0.752
Australia,AUS,67.0,2018.0,0.861,0.817,0.627,0.794,0.742
Australia,AUS,67.0,2019.0,0.825,0.78,0.591,0.75,0.707
Australia,AUS,67.0,2020.0,0.841,0.795,0.608,0.762,0.708
Australia,AUS,67.0,2021.0,0.829,0.781,0.597,0.749,0.698
Australia,AUS,67.0,2022.0,0.851,0.8,0.61,0.774,0.719
Australia,AUS,67.0,2023.0,0.854,0.804,0.638,0.778,0.721
Botswana,BWA,68.0,2016.0,0.687,0.586,0.441,0.535,0.473
Botswana,BWA,68.0,2017.0,0.679,0.572,0.412,0.547,0.48
Botswana,BWA,68.0,2018.0,0.681,0.581,0.423,0.568,0.481
Botswana,BWA,68.0,2019.0,0.657,0.561,0.395,0.549,0.464
Botswana,BWA,68.0,2020.0,0.595,0.489,0.364,0.502,0.439
Botswana,BWA,68.0,2021.0,0.591,0.482,0.396,0.441,0.421
Botswana,BWA,68.0,2022.0,0.574,0.463,0.374,0.37,0.396
Botswana,BWA,68.0,2023.0,0.558,0.434,0.293,0.359,0.395
Burundi,BDI,69.0,2016.0,0.167,0.045,0.139,0.039,0.115
Burundi,BDI,69.0,2017.0,0.157,0.047,0.138,0.039,0.111
Burundi,BDI,69.0,2018.0,0.159,0.044,0.148,0.052,0.104
Burundi,BDI,69.0,2019.0,0.161,0.054,0.147,0.045,0.115
Burundi,BDI,69.0,2020.0,0.17,0.052,0.084,0.066,0.11
Burundi,BDI,69.0,2021.0,0.184,0.072,0.078,0.093,0.114
Burundi,BDI,69.0,2022.0,0.192,0.081,0.072,0.081,0.111
Burundi,BDI,69.0,2023.0,0.188,0.059,0.07,0.076,0.106
Cape Verde,CPV,70.0,2016.0,0.802,0.716,0.481,0.626,0.636
Cape Verde,CPV,70.0,2017.0,0.798,0.707,0.483,0.609,0.63
Cape Verde,CPV,70.0,2018.0,0.781,0.7,0.469,0.574,0.613
Cape Verde,CPV,70.0,2019.0,0.786,0.704,0.493,0.595,0.625
Cape Verde,CPV,70.0,2020.0,0.795,0.704,0.5,0.594,0.624
Cape Verde,CPV,70.0,2021.0,0.776,0.68,0.486,0.581,0.595
Cape Verde,CPV,70.0,2022.0,0.754,0.652,0.463,0.552,0.571
Cape Verde,CPV,70.0,2023.0,0.754,0.648,0.463,0.549,0.569
Central African Republic,CAF,71.0,2016.0,0.393,0.232,0.186,0.251,0.222
Central African Republic,CAF,71.0,2017.0,0.398,0.232,0.178,0.224,0.186
Central African Republic,CAF,71.0,2018.0,0.409,0.249,0.18,0.231,0.204
Central African Republic,CAF,71.0,2019.0,0.385,0.22,0.162,0.224,0.194
Central African Republic,CAF,71.0,2020.0,0.375,0.199,0.156,0.2,0.177
Central African Republic,CAF,71.0,2021.0,0.343,0.177,0.144,0.174,0.169
Central African Republic,CAF,71.0,2022.0,0.325,0.169,0.133,0.167,0.158
Central African Republic,CAF,71.0,2023.0,0.302,0.1,0.139,0.162,0.13
Chile,CHL,72.0,2016.0,0.892,0.844,0.593,0.818,0.682
Chile,CHL,72.0,2017.0,0.895,0.851,0.597,0.806,0.689
Chile,CHL,72.0,2018.0,0.873,0.81,0.582,0.776,0.656
Chile,CHL,72.0,2019.0,0.831,0.767,0.563,0.744,0.628
Chile,CHL,72.0,2020.0,0.833,0.765,0.597,0.728,0.617
Chile,CHL,72.0,2021.0,0.842,0.782,0.595,0.777,0.638
Chile,CHL,72.0,2022.0,0.835,0.783,0.598,0.769,0.626
Chile,CHL,72.0,2023.0,0.838,0.786,0.599,0.774,0.639
Costa Rica,CRI,73.0,2016.0,0.903,0.855,0.675,0.844,0.816
Costa Rica,CRI,73.0,2017.0,0.899,0.852,0.667,0.846,0.812
Costa Rica,CRI,73.0,2018.0,0.891,0.837,0.662,0.833,0.799
Costa Rica,CRI,73.0,2019.0,0.894,0.844,0.653,0.842,0.805
Costa Rica,CRI,73.0,2020.0,0.897,0.847,0.653,0.848,0.808
Costa Rica,CRI,73.0,2021.0,0.895,0.846,0.649,0.846,0.802
Costa Rica,CRI,73.0,2022.0,0.861,0.809,0.62,0.801,0.768
Costa Rica,CRI,73.0,2023.0,0.868,0.816,0.616,0.808,0.771
Timor-Leste,TLS,74.0,2016.0,0.611,0.451,0.355,0.416,0.367
Timor-Leste,TLS,74.0,2017.0,0.653,0.481,0.386,0.465,0.403
Timor-Leste,TLS,74.0,2018.0,0.677,0.496,0.407,0.476,0.416
Timor-Leste,TLS,74.0,2019.0,0.69,0.513,0.408,0.483,0.425
Timor-Leste,TLS,74.0,2020.0,0.668,0.486,0.395,0.459,0.414
Timor-Leste,TLS,74.0,2021.0,0.681,0.489,0.397,0.465,0.421
Timor-Leste,TLS,74.0,2022.0,0.69,0.501,0.427,0.494,0.428
Timor-Leste,TLS,74.0,2023.0,0.698,0.507,0.433,0.516,0.435
Ecuador,ECU,75.0,2016.0,0.546,0.271,0.37,0.352,0.395
Ecuador,ECU,75.0,2017.0,0.558,0.345,0.384,0.447,0.404
Ecuador,ECU,75.0,2018.0,0.655,0.471,0.453,0.5,0.442
Ecuador,ECU,75.0,2019.0,0.622,0.453,0.432,0.468,0.416
Ecuador,ECU,75.0,2020.0,0.624,0.476,0.439,0.445,0.412
Ecuador,ECU,75.0,2021.0,0.624,0.459,0.432,0.473,0.385
Ecuador,ECU,75.0,2022.0,0.665,0.508,0.47,0.405,0.392
Ecuador,ECU,75.0,2023.0,0.646,0.467,0.499,0.392,0.367
France,FRA,76.0,2016.0,0.895,0.822,0.634,0.834,0.806
France,FRA,76.0,2017.0,0.892,0.82,0.629,0.824,0.797
France,FRA,76.0,2018.0,0.883,0.805,0.614,0.818,0.784
France,FRA,76.0,2019.0,0.874,0.8,0.611,0.808,0.773
France,FRA,76.0,2020.0,0.872,0.794,0.611,0.806,0.764
France,FRA,76.0,2021.0,0.875,0.795,0.619,0.821,0.768
France,FRA,76.0,2022.0,0.879,0.808,0.61,0.816,0.762
France,FRA,76.0,2023.0,0.877,0.81,0.613,0.814,0.731
Germany,DEU,77.0,2016.0,0.889,0.851,0.645,0.858,0.828
Germany,DEU,77.0,2017.0,0.893,0.847,0.649,0.861,0.832
Germany,DEU,77.0,2018.0,0.883,0.836,0.639,0.846,0.822
Germany,DEU,77.0,2019.0,0.883,0.837,0.64,0.847,0.823
Germany,DEU,77.0,2020.0,0.873,0.827,0.632,0.838,0.801
Germany,DEU,77.0,2021.0,0.866,0.817,0.625,0.828,0.803
Germany,DEU,77.0,2022.0,0.856,0.808,0.617,0.816,0.792
Germany,DEU,77.0,2023.0,0.856,0.812,0.617,0.816,0.792
Guatemala,GTM,78.0,2016.0,0.628,0.458,0.371,0.387,0.256
Guatemala,GTM,78.0,2017.0,0.626,0.457,0.365,0.381,0.256
Guatemala,GTM,78.0,2018.0,0.601,0.422,0.349,0.305,0.249
Guatemala,GTM,78.0,2019.0,0.607,0.425,0.355,0.338,0.239
Guatemala,GTM,78.0,2020.0,0.595,0.414,0.36,0.335,0.247
Guatemala,GTM,78.0,2021.0,0.554,0.367,0.335,0.305,0.218
Guatemala,GTM,78.0,2022.0,0.507,0.315,0.292,0.29,0.196
Guatemala,GTM,78.0,2023.0,0.505,0.309,0.289,0.282,0.208
Iran,IRN,79.0,2016.0,0.187,0.132,0.05,0.177,0.172
Iran,IRN,79.0,2017.0,0.187,0.128,0.048,0.158,0.163
Iran,IRN,79.0,2018.0,0.183,0.127,0.047,0.142,0.172
Iran,IRN,79.0,2019.0,0.183,0.123,0.044,0.145,0.167
Iran,IRN,79.0,2020.0,0.165,0.115,0.041,0.121,0.158
Iran,IRN,79.0,2021.0,0.159,0.091,0.037,0.089,0.147
Iran,IRN,79.0,2022.0,0.149,0.078,0.034,0.058,0.146
Iran,IRN,79.0,2023.0,0.156,0.082,0.036,0.066,0.152
Iraq,IRQ,80.0,2016.0,0.402,0.247,0.248,0.275,0.208
Iraq,IRQ,80.0,2017.0,0.38,0.236,0.236,0.257,0.192
Iraq,IRQ,80.0,2018.0,0.405,0.242,0.255,0.302,0.214
Iraq,IRQ,80.0,2019.0,0.395,0.229,0.254,0.289,0.197
Iraq,IRQ,80.0,2020.0,0.374,0.21,0.231,0.278,0.201
Iraq,IRQ,80.0,2021.0,0.375,0.218,0.212,0.285,0.2
Iraq,IRQ,80.0,2022.0,0.381,0.203,0.212,0.253,0.203
Iraq,IRQ,80.0,2023.0,0.367,0.21,0.214,0.258,0.209
Ireland,IRL,81.0,2016.0,0.892,0.823,0.641,0.792,0.779
Ireland,IRL,81.0,2017.0,0.892,0.826,0.64,0.799,0.781
Ireland,IRL,81.0,2018.0,0.893,0.828,0.642,0.803,0.784
Ireland,IRL,81.0,2019.0,0.892,0.825,0.634,0.802,0.779
Ireland,IRL,81.0,2020.0,0.893,0.826,0.643,0.794,0.785
Ireland,IRL,81.0,2021.0,0.899,0.834,0.636,0.81,0.794
Ireland,IRL,81.0,2022.0,0.892,0.827,0.628,0.805,0.788
Ireland,IRL,81.0,2023.0,0.896,0.831,0.63,0.81,0.794
Italy,ITA,82.0,2016.0,0.869,0.792,0.69,0.81,0.795
Italy,ITA,82.0,2017.0,0.867,0.793,0.688,0.807,0.802
Italy,ITA,82.0,2018.0,0.868,0.79,0.676,0.796,0.789
Italy,ITA,82.0,2019.0,0.857,0.781,0.674,0.792,0.785
Italy,ITA,82.0,2020.0,0.857,0.774,0.677,0.78,0.768
Italy,ITA,82.0,2021.0,0.857,0.775,0.676,0.778,0.776
Italy,ITA,82.0,2022.0,0.85,0.769,0.668,0.772,0.767
Italy,ITA,82.0,2023.0,0.837,0.757,0.653,0.753,0.753
Jordan,JOR,83.0,2016.0,0.238,0.195,0.11,0.199,0.207
Jordan,JOR,83.0,2017.0,0.26,0.235,0.121,0.207,0.222
Jordan,JOR,83.0,2018.0,0.26,0.242,0.119,0.213,0.23
Jordan,JOR,83.0,2019.0,0.26,0.239,0.122,0.22,0.231
Jordan,JOR,83.0,2020.0,0.257,0.241,0.117,0.219,0.221
Jordan,JOR,83.0,2021.0,0.253,0.248,0.116,0.205,0.199
Jordan,JOR,83.0,2022.0,0.257,0.248,0.118,0.216,0.191
Jordan,JOR,83.0,2023.0,0.256,0.253,0.117,0.242,0.202
Latvia,LVA,84.0,2016.0,0.843,0.755,0.651,0.723,0.732
Latvia,LVA,84.0,2017.0,0.837,0.75,0.635,0.686,0.728
Latvia,LVA,84.0,2018.0,0.835,0.752,0.616,0.676,0.732
Latvia,LVA,84.0,2019.0,0.834,0.749,0.604,0.698,0.722
Latvia,LVA,84.0,2020.0,0.826,0.745,0.609,0.686,0.705
Latvia,LVA,84.0,2021.0,0.834,0.744,0.607,0.693,0.717
Latvia,LVA,84.0,2022.0,0.831,0.742,0.6,0.7,0.714
Latvia,LVA,84.0,2023.0,0.852,0.768,0.617,0.71,0.739
Lesotho,LSO,85.0,2016.0,0.576,0.427,0.347,0.428,0.472
Lesotho,LSO,85.0,2017.0,0.503,0.372,0.32,0.374,0.424
Lesotho,LSO,85.0,2018.0,0.596,0.436,0.376,0.465,0.473
Lesotho,LSO,85.0,2019.0,0.627,0.489,0.39,0.494,0.485
Lesotho,LSO,85.0,2020.0,0.635,0.505,0.395,0.524,0.502
Lesotho,LSO,85.0,2021.0,0.623,0.502,0.391,0.467,0.489
Lesotho,LSO,85.0,2022.0,0.646,0.503,0.403,0.495,0.503
Lesotho,LSO,85.0,2023.0,0.644,0.503,0.387,0.463,0.487
Liberia,LBR,86.0,2016.0,0.615,0.455,0.343,0.528,0.386
Liberia,LBR,86.0,2017.0,0.624,0.462,0.346,0.501,0.399
Liberia,LBR,86.0,2018.0,0.625,0.431,0.343,0.503,0.403
Liberia,LBR,86.0,2019.0,0.623,0.412,0.338,0.492,0.398
Liberia,LBR,86.0,2020.0,0.64,0.428,0.352,0.514,0.402
Liberia,LBR,86.0,2021.0,0.63,0.423,0.347,0.514,0.398
Liberia,LBR,86.0,2022.0,0.634,0.425,0.349,0.508,0.399
Liberia,LBR,86.0,2023.0,0.639,0.436,0.353,0.534,0.397
Malawi,MWI,87.0,2016.0,0.536,0.44,0.339,0.416,0.321
Malawi,MWI,87.0,2017.0,0.543,0.454,0.352,0.403,0.332
Malawi,MWI,87.0,2018.0,0.527,0.445,0.337,0.403,0.304
Malawi,MWI,87.0,2019.0,0.478,0.412,0.31,0.358,0.274
Malawi,MWI,87.0,2020.0,0.545,0.467,0.366,0.455,0.326
Malawi,MWI,87.0,2021.0,0.605,0.522,0.404,0.491,0.366
Malawi,MWI,87.0,2022.0,0.611,0.508,0.388,0.492,0.363
Malawi,MWI,87.0,2023.0,0.58,0.485,0.362,0.445,0.324
Maldives,MDV,88.0,2016.0,0.369,0.185,0.224,0.2,0.249
Maldives,MDV,88.0,2017.0,0.357,0.179,0.226,0.184,0.251
Maldives,MDV,88.0,2018.0,0.391,0.197,0.24,0.142,0.272
Maldives,MDV,88.0,2019.0,0.573,0.412,0.331,0.443,0.404
Maldives,MDV,88.0,2020.0,0.579,0.433,0.328,0.448,0.411
Maldives,MDV,88.0,2021.0,0.581,0.422,0.327,0.448,0.41
Maldives,MDV,88.0,2022.0,0.588,0.433,0.334,0.442,0.384
Maldives,MDV,88.0,2023.0,0.599,0.453,0.34,0.474,0.399
Mongolia,MNG,89.0,2016.0,0.676,0.543,0.37,0.583,0.522
Mongolia,MNG,89.0,2017.0,0.667,0.534,0.371,0.569,0.512
Mongolia,MNG,89.0,2018.0,0.656,0.531,0.36,0.554,0.493
Mongolia,MNG,89.0,2019.0,0.659,0.541,0.359,0.553,0.485
Mongolia,MNG,89.0,2020.0,0.636,0.516,0.333,0.512,0.469
Mongolia,MNG,89.0,2021.0,0.611,0.485,0.315,0.467,0.431
Mongolia,MNG,89.0,2022.0,0.572,0.45,0.285,0.443,0.394
Mongolia,MNG,89.0,2023.0,0.527,0.405,0.262,0.419,0.352
Morocco,MAR,90.0,2016.0,0.266,0.233,0.176,0.26,0.191
Morocco,MAR,90.0,2017.0,0.261,0.241,0.165,0.253,0.185
Morocco,MAR,90.0,2018.0,0.262,0.242,0.166,0.25,0.186
Morocco,MAR,90.0,2019.0,0.259,0.24,0.164,0.249,0.185
Morocco,MAR,90.0,2020.0,0.255,0.232,0.163,0.251,0.195
Morocco,MAR,90.0,2021.0,0.263,0.236,0.161,0.254,0.207
Morocco,MAR,90.0,2022.0,0.263,0.246,0.16,0.253,0.204
Morocco,MAR,90.0,2023.0,0.263,0.249,0.158,0.253,0.206
Netherlands,NLD,91.0,2016.0,0.882,0.835,0.64,0.815,0.81
Netherlands,NLD,91.0,2017.0,0.879,0.834,0.634,0.805,0.81
Netherlands,NLD,91.0,2018.0,0.881,0.834,0.632,0.813,0.804
Netherlands,NLD,91.0,2019.0,0.867,0.821,0.589,0.808,0.781
Netherlands,NLD,91.0,2020.0,0.865,0.813,0.586,0.812,0.777
Netherlands,NLD,91.0,2021.0,0.864,0.812,0.586,0.817,0.782
Netherlands,NLD,91.0,2022.0,0.855,0.802,0.581,0.809,0.766
Netherlands,NLD,91.0,2023.0,0.854,0.8,0.587,0.792,0.759
Panama,PAN,92.0,2016.0,0.755,0.559,0.48,0.627,0.511
Panama,PAN,92.0,2017.0,0.74,0.557,0.471,0.612,0.499
Panama,PAN,92.0,2018.0,0.733,0.543,0.453,0.607,0.484
Panama,PAN,92.0,2019.0,0.735,0.541,0.446,0.578,0.482
Panama,PAN,92.0,2020.0,0.735,0.554,0.452,0.566,0.457
Panama,PAN,92.0,2021.0,0.744,0.558,0.452,0.572,0.463
Panama,PAN,92.0,2022.0,0.732,0.566,0.439,0.563,0.449
Panama,PAN,92.0,2023.0,0.73,0.571,0.435,0.556,0.447
Papua New Guinea,PNG,93.0,2016.0,0.437,0.344,0.271,0.257,0.247
Papua New Guinea,PNG,93.0,2017.0,0.439,0.342,0.272,0.243,0.247
Papua New Guinea,PNG,93.0,2018.0,0.45,0.351,0.276,0.248,0.253
Papua New Guinea,PNG,93.0,2019.0,0.453,0.348,0.278,0.266,0.255
Papua New Guinea,PNG,93.0,2020.0,0.455,0.354,0.278,0.283,0.252
Papua New Guinea,PNG,93.0,2021.0,0.455,0.352,0.278,0.279,0.253
Papua New Guinea,PNG,93.0,2022.0,0.469,0.372,0.286,0.286,0.269
Papua New Guinea,PNG,93.0,2023.0,0.475,0.383,0.289,0.289,0.277
Qatar,QAT,94.0,2016.0,0.041,0.091,0.022,0.093,0.113
Qatar,QAT,94.0,2017.0,0.041,0.088,0.02,0.093,0.11
Qatar,QAT,94.0,2018.0,0.042,0.09,0.019,0.093,0.119
Qatar,QAT,94.0,2019.0,0.04,0.084,0.02,0.093,0.12
Qatar,QAT,94.0,2020.0,0.039,0.086,0.017,0.093,0.115
Qatar,QAT,94.0,2021.0,0.089,0.084,0.021,0.106,0.107
Qatar,QAT,94.0,2022.0,0.087,0.084,0.017,0.105,0.105
Qatar,QAT,94.0,2023.0,0.087,0.085,0.016,0.105,0.105
Sierra Leone,SLE,95.0,2016.0,0.504,0.308,0.338,0.368,0.298
Sierra Leone,SLE,95.0,2017.0,0.503,0.333,0.338,0.442,0.308
Sierra Leone,SLE,95.0,2018.0,0.538,0.378,0.363,0.483,0.346
Sierra Leone,SLE,95.0,2019.0,0.542,0.382,0.366,0.484,0.35
Sierra Leone,SLE,95.0,2020.0,0.546,0.415,0.368,0.507,0.375
Sierra Leone,SLE,95.0,2021.0,0.547,0.423,0.37,0.506,0.395
Sierra Leone,SLE,95.0,2022.0,0.562,0.434,0.362,0.51,0.398
Sierra Leone,SLE,95.0,2023.0,0.497,0.384,0.323,0.459,0.351
Spain,ESP,96.0,2016.0,0.851,0.772,0.609,0.751,0.754
Spain,ESP,96.0,2017.0,0.84,0.761,0.593,0.738,0.736
Spain,ESP,96.0,2018.0,0.855,0.779,0.603,0.758,0.768
Spain,ESP,96.0,2019.0,0.874,0.807,0.624,0.772,0.78
Spain,ESP,96.0,2020.0,0.877,0.792,0.627,0.771,0.794
Spain,ESP,96.0,2021.0,0.851,0.776,0.602,0.743,0.754
Spain,ESP,96.0,2022.0,0.866,0.783,0.61,0.759,0.735
Spain,ESP,96.0,2023.0,0.843,0.757,0.594,0.706,0.719
Syria,SYR,97.0,2016.0,0.137,0.026,0.047,0.018,0.067
Syria,SYR,97.0,2017.0,0.138,0.027,0.046,0.021,0.073
Syria,SYR,97.0,2018.0,0.137,0.027,0.057,0.018,0.07
Syria,SYR,97.0,2019.0,0.138,0.027,0.049,0.019,0.062
Syria,SYR,97.0,2020.0,0.139,0.033,0.047,0.024,0.057
Syria,SYR,97.0,2021.0,0.138,0.036,0.047,0.023,0.057
Syria,SYR,97.0,2022.0,0.138,0.034,0.047,0.026,0.056
Syria,SYR,97.0,2023.0,0.146,0.054,0.049,0.027,0.058
Tunisia,TUN,98.0,2016.0,0.73,0.626,0.411,0.655,0.583
Tunisia,TUN,98.0,2017.0,0.733,0.644,0.411,0.661,0.588
Tunisia,TUN,98.0,2018.0,0.734,0.64,0.495,0.661,0.592
Tunisia,TUN,98.0,2019.0,0.724,0.631,0.485,0.651,0.582
Tunisia,TUN,98.0,2020.0,0.709,0.621,0.471,0.634,0.574
Tunisia,TUN,98.0,2021.0,0.535,0.468,0.353,0.459,0.453
Tunisia,TUN,98.0,2022.0,0.283,0.198,0.209,0.276,0.294
Tunisia,TUN,98.0,2023.0,0.472,0.301,0.298,0.382,0.402
Türkiye,TUR,99.0,2016.0,0.305,0.147,0.206,0.105,0.238
Türkiye,TUR,99.0,2017.0,0.291,0.105,0.196,0.109,0.235
Türkiye,TUR,99.0,2018.0,0.294,0.108,0.195,0.104,0.236
Türkiye,TUR,99.0,2019.0,0.29,0.113,0.191,0.104,0.228
Türkiye,TUR,99.0,2020.0,0.289,0.119,0.185,0.102,0.228
Türkiye,TUR,99.0,2021.0,0.288,0.119,0.175,0.097,0.227
Türkiye,TUR,99.0,2022.0,0.284,0.114,0.17,0.096,0.209
Türkiye,TUR,99.0,2023.0,0.287,0.113,0.168,0.096,0.204
Ukraine,UKR,100.0,2016.0,0.426,0.237,0.287,0.349,0.292
Ukraine,UKR,100.0,2017.0,0.421,0.239,0.276,0.351,0.288
Ukraine,UKR,100.0,2018.0,0.425,0.242,0.272,0.364,0.279
Ukraine,UKR,100.0,2019.0,0.524,0.317,0.326,0.456,0.361
Ukraine,UKR,100.0,2020.0,0.546,0.322,0.345,0.442,0.381
Ukraine,UKR,100.0,2021.0,0.533,0.321,0.33,0.441,0.378
Ukraine,UKR,100.0,2022.0,0.41,0.244,0.271,0.346,0.321
Ukraine,UKR,100.0,2023.0,0.415,0.249,0.278,0.345,0.307
United Kingdom,GBR,101.0,2016.0,0.856,0.788,0.632,0.726,0.728
United Kingdom,GBR,101.0,2017.0,0.864,0.8,0.638,0.733,0.748
United Kingdom,GBR,101.0,2018.0,0.875,0.811,0.646,0.744,0.74
United Kingdom,GBR,101.0,2019.0,0.857,0.79,0.627,0.724,0.716
United Kingdom,GBR,101.0,2020.0,0.874,0.804,0.646,0.755,0.742
United Kingdom,GBR,101.0,2021.0,0.864,0.786,0.633,0.773,0.712
United Kingdom,GBR,101.0,2022.0,0.843,0.764,0.601,0.729,0.702
United Kingdom,GBR,101.0,2023.0,0.852,0.772,0.609,0.725,0.704
Uruguay,URY,102.0,2016.0,0.899,0.835,0.747,0.829,0.8
Uruguay,URY,102.0,2017.0,0.894,0.836,0.74,0.825,0.794
Uruguay,URY,102.0,2018.0,0.9,0.841,0.735,0.838,0.798
Uruguay,URY,102.0,2019.0,0.899,0.84,0.736,0.842,0.802
Uruguay,URY,102.0,2020.0,0.87,0.812,0.701,0.758,0.761
Uruguay,URY,102.0,2021.0,0.859,0.796,0.679,0.742,0.733
Uruguay,URY,102.0,2022.0,0.824,0.754,0.657,0.702,0.68
Uruguay,URY,102.0,2023.0,0.845,0.77,0.671,0.719,0.705
Algeria,DZA,103.0,2016.0,0.308,0.163,0.111,0.224,0.262
Algeria,DZA,103.0,2017.0,0.307,0.158,0.108,0.234,0.264
Algeria,DZA,103.0,2018.0,0.309,0.162,0.117,0.22,0.255
Algeria,DZA,103.0,2019.0,0.292,0.148,0.105,0.2,0.256
Algeria,DZA,103.0,2020.0,0.279,0.149,0.112,0.196,0.256
Algeria,DZA,103.0,2021.0,0.281,0.137,0.11,0.188,0.262
Algeria,DZA,103.0,2022.0,0.27,0.12,0.105,0.181,0.254
Algeria,DZA,103.0,2023.0,0.27,0.121,0.104,0.168,0.256
Angola,AGO,104.0,2016.0,0.309,0.134,0.075,0.127,0.11
Angola,AGO,104.0,2017.0,0.323,0.15,0.078,0.132,0.123
Angola,AGO,104.0,2018.0,0.372,0.177,0.103,0.181,0.147
Angola,AGO,104.0,2019.0,0.366,0.184,0.102,0.202,0.155
Angola,AGO,104.0,2020.0,0.354,0.182,0.1,0.185,0.145
Angola,AGO,104.0,2021.0,0.343,0.169,0.09,0.166,0.141
Angola,AGO,104.0,2022.0,0.342,0.175,0.107,0.164,0.14
Angola,AGO,104.0,2023.0,0.349,0.173,0.11,0.179,0.149
Armenia,ARM,105.0,2016.0,0.356,0.209,0.226,0.23,0.288
Armenia,ARM,105.0,2017.0,0.386,0.224,0.256,0.268,0.303
Armenia,ARM,105.0,2018.0,0.529,0.408,0.351,0.454,0.449
Armenia,ARM,105.0,2019.0,0.8,0.631,0.565,0.669,0.681
Armenia,ARM,105.0,2020.0,0.784,0.584,0.515,0.624,0.649
Armenia,ARM,105.0,2021.0,0.729,0.541,0.462,0.582,0.61
Armenia,ARM,105.0,2022.0,0.651,0.446,0.412,0.496,0.552
Armenia,ARM,105.0,2023.0,0.634,0.422,0.338,0.462,0.518
Azerbaijan,AZE,106.0,2016.0,0.199,0.062,0.069,0.046,0.127
Azerbaijan,AZE,106.0,2017.0,0.2,0.068,0.072,0.065,0.129
Azerbaijan,AZE,106.0,2018.0,0.193,0.059,0.059,0.053,0.12
Azerbaijan,AZE,106.0,2019.0,0.194,0.065,0.061,0.044,0.122
Azerbaijan,AZE,106.0,2020.0,0.193,0.065,0.06,0.042,0.123
Azerbaijan,AZE,106.0,2021.0,0.193,0.066,0.058,0.054,0.119
Azerbaijan,AZE,106.0,2022.0,0.186,0.063,0.055,0.05,0.105
Azerbaijan,AZE,106.0,2023.0,0.188,0.064,0.052,0.053,0.124
Belarus,BLR,107.0,2016.0,0.258,0.109,0.098,0.099,0.283
Belarus,BLR,107.0,2017.0,0.255,0.11,0.101,0.1,0.28
Belarus,BLR,107.0,2018.0,0.255,0.112,0.1,0.1,0.271
Belarus,BLR,107.0,2019.0,0.259,0.112,0.099,0.101,0.275
Belarus,BLR,107.0,2020.0,0.21,0.047,0.085,0.045,0.244
Belarus,BLR,107.0,2021.0,0.174,0.036,0.061,0.038,0.223
Belarus,BLR,107.0,2022.0,0.174,0.038,0.062,0.032,0.227
Belarus,BLR,107.0,2023.0,0.157,0.036,0.058,0.026,0.217
Cameroon,CMR,108.0,2016.0,0.311,0.143,0.127,0.13,0.199
Cameroon,CMR,108.0,2017.0,0.302,0.137,0.113,0.12,0.203
Cameroon,CMR,108.0,2018.0,0.296,0.127,0.113,0.106,0.195
Cameroon,CMR,108.0,2019.0,0.287,0.122,0.11,0.109,0.193
Cameroon,CMR,108.0,2020.0,0.291,0.13,0.113,0.118,0.197
Cameroon,CMR,108.0,2021.0,0.292,0.129,0.117,0.106,0.19
Cameroon,CMR,108.0,2022.0,0.299,0.143,0.126,0.127,0.2
Cameroon,CMR,108.0,2023.0,0.298,0.131,0.118,0.112,0.198
Chad,TCD,109.0,2016.0,0.281,0.092,0.125,0.119,0.1
Chad,TCD,109.0,2017.0,0.269,0.086,0.129,0.115,0.102
Chad,TCD,109.0,2018.0,0.268,0.08,0.129,0.133,0.101
Chad,TCD,109.0,2019.0,0.273,0.089,0.129,0.135,0.102
Chad,TCD,109.0,2020.0,0.271,0.087,0.128,0.134,0.101
Chad,TCD,109.0,2021.0,0.167,0.049,0.109,0.106,0.075
Chad,TCD,109.0,2022.0,0.146,0.039,0.089,0.101,0.071
Chad,TCD,109.0,2023.0,0.148,0.047,0.105,0.102,0.071
China,CHN,110.0,2016.0,0.08,0.053,0.041,0.148,0.099
China,CHN,110.0,2017.0,0.078,0.05,0.04,0.14,0.099
China,CHN,110.0,2018.0,0.077,0.049,0.038,0.129,0.095
China,CHN,110.0,2019.0,0.075,0.048,0.039,0.119,0.094
China,CHN,110.0,2020.0,0.076,0.043,0.039,0.116,0.093
China,CHN,110.0,2021.0,0.077,0.044,0.038,0.116,0.096
China,CHN,110.0,2022.0,0.075,0.043,0.04,0.096,0.086
China,CHN,110.0,2023.0,0.074,0.037,0.036,0.103,0.085
Democratic Republic of the Congo,COD,111.0,2016.0,0.313,0.126,0.209,0.121,0.181
Democratic Republic of the Congo,COD,111.0,2017.0,0.314,0.12,0.208,0.133,0.181
Democratic Republic of the Congo,COD,111.0,2018.0,0.316,0.125,0.207,0.132,0.188
Democratic Republic of the Congo,COD,111.0,2019.0,0.349,0.145,0.216,0.269,0.205
Democratic Republic of the Congo,COD,111.0,2020.0,0.354,0.155,0.216,0.286,0.206
Democratic Republic of the Congo,COD,111.0,2021.0,0.347,0.147,0.199,0.271,0.188
Democratic Republic of the Congo,COD,111.0,2022.0,0.335,0.153,0.184,0.271,0.179
Democratic Republic of the Congo,COD,111.0,2023.0,0.317,0.122,0.172,0.249,0.158
Republic of the Congo,COG,112.0,2016.0,0.245,0.097,0.127,0.181,0.106
Republic of the Congo,COG,112.0,2017.0,0.247,0.098,0.18,0.181,0.106
Republic of the Congo,COG,112.0,2018.0,0.252,0.106,0.188,0.183,0.123
Republic of the Congo,COG,112.0,2019.0,0.24,0.095,0.183,0.187,0.128
Republic of the Congo,COG,112.0,2020.0,0.249,0.114,0.195,0.196,0.137
Republic of the Congo,COG,112.0,2021.0,0.247,0.111,0.194,0.195,0.136
Republic of the Congo,COG,112.0,2022.0,0.236,0.111,0.189,0.192,0.132
Republic of the Congo,COG,112.0,2023.0,0.245,0.119,0.193,0.201,0.131
Djibouti,DJI,113.0,2016.0,0.245,0.116,0.138,0.145,0.16
Djibouti,DJI,113.0,2017.0,0.248,0.112,0.138,0.146,0.162
Djibouti,DJI,113.0,2018.0,0.256,0.116,0.139,0.153,0.174
Djibouti,DJI,113.0,2019.0,0.255,0.121,0.138,0.148,0.18
Djibouti,DJI,113.0,2020.0,0.253,0.121,0.137,0.136,0.179
Djibouti,DJI,113.0,2021.0,0.253,0.122,0.138,0.149,0.188
Djibouti,DJI,113.0,2022.0,0.253,0.122,0.15,0.149,0.192
Djibouti,DJI,113.0,2023.0,0.253,0.122,0.15,0.149,0.191
Dominican Republic,DOM,114.0,2016.0,0.556,0.302,0.349,0.384,0.285
Dominican Republic,DOM,114.0,2017.0,0.544,0.291,0.341,0.365,0.279
Dominican Republic,DOM,114.0,2018.0,0.552,0.299,0.349,0.377,0.284
Dominican Republic,DOM,114.0,2019.0,0.549,0.3,0.361,0.381,0.281
Dominican Republic,DOM,114.0,2020.0,0.646,0.411,0.428,0.54,0.344
Dominican Republic,DOM,114.0,2021.0,0.688,0.458,0.462,0.599,0.384
Dominican Republic,DOM,114.0,2022.0,0.685,0.453,0.459,0.581,0.372
Dominican Republic,DOM,114.0,2023.0,0.685,0.438,0.445,0.572,0.376
Eritrea,ERI,115.0,2016.0,0.069,0.006,0.009,0.021,0.16
Eritrea,ERI,115.0,2017.0,0.068,0.007,0.009,0.021,0.166
Eritrea,ERI,115.0,2018.0,0.069,0.007,0.009,0.023,0.133
Eritrea,ERI,115.0,2019.0,0.07,0.009,0.009,0.027,0.131
Eritrea,ERI,115.0,2020.0,0.069,0.01,0.011,0.033,0.114
Eritrea,ERI,115.0,2021.0,0.072,0.011,0.01,0.032,0.112
Eritrea,ERI,115.0,2022.0,0.072,0.012,0.01,0.033,0.134
Eritrea,ERI,115.0,2023.0,0.068,0.01,0.011,0.032,0.117
Gabon,GAB,116.0,2016.0,0.379,0.23,0.27,0.329,0.295
Gabon,GAB,116.0,2017.0,0.395,0.236,0.278,0.304,0.298
Gabon,GAB,116.0,2018.0,0.388,0.216,0.271,0.284,0.296
Gabon,GAB,116.0,2019.0,0.386,0.207,0.27,0.278,0.271
Gabon,GAB,116.0,2020.0,0.376,0.202,0.265,0.295,0.301
Gabon,GAB,116.0,2021.0,0.376,0.203,0.257,0.295,0.296
Gabon,GAB,116.0,2022.0,0.37,0.206,0.251,0.283,0.278
Gabon,GAB,116.0,2023.0,0.293,0.175,0.216,0.208,0.24
The Gambia,GMB,117.0,2016.0,0.248,0.109,0.144,0.089,0.177
The Gambia,GMB,117.0,2017.0,0.502,0.396,0.309,0.349,0.341
The Gambia,GMB,117.0,2018.0,0.537,0.424,0.347,0.38,0.376
The Gambia,GMB,117.0,2019.0,0.522,0.422,0.336,0.383,0.369
The Gambia,GMB,117.0,2020.0,0.496,0.411,0.317,0.374,0.355
The Gambia,GMB,117.0,2021.0,0.506,0.42,0.327,0.388,0.351
The Gambia,GMB,117.0,2022.0,0.624,0.504,0.398,0.467,0.432
The Gambia,GMB,117.0,2023.0,0.641,0.517,0.413,0.48,0.448
Georgia,GEO,118.0,2016.0,0.693,0.527,0.453,0.551,0.557
Georgia,GEO,118.0,2017.0,0.69,0.518,0.449,0.554,0.563
Georgia,GEO,118.0,2018.0,0.676,0.534,0.442,0.53,0.548
Georgia,GEO,118.0,2019.0,0.635,0.496,0.409,0.509,0.523
Georgia,GEO,118.0,2020.0,0.629,0.487,0.397,0.511,0.515
Georgia,GEO,118.0,2021.0,0.635,0.484,0.394,0.516,0.506
Georgia,GEO,118.0,2022.0,0.633,0.488,0.39,0.519,0.503
Georgia,GEO,118.0,2023.0,0.604,0.473,0.367,0.492,0.482
Guinea-Bissau,GNB,119.0,2016.0,0.5,0.305,0.222,0.229,0.281
Guinea-Bissau,GNB,119.0,2017.0,0.497,0.31,0.22,0.236,0.278
Guinea-Bissau,GNB,119.0,2018.0,0.51,0.32,0.237,0.233,0.272
Guinea-Bissau,GNB,119.0,2019.0,0.526,0.334,0.24,0.26,0.279
Guinea-Bissau,GNB,119.0,2020.0,0.535,0.341,0.244,0.262,0.282
Guinea-Bissau,GNB,119.0,2021.0,0.536,0.333,0.245,0.264,0.308
Guinea-Bissau,GNB,119.0,2022.0,0.377,0.148,0.179,0.195,0.224
Guinea-Bissau,GNB,119.0,2023.0,0.421,0.233,0.197,0.22,0.239
Jamaica,JAM,120.0,2016.0,0.806,0.688,0.548,0.697,0.61
Jamaica,JAM,120.0,2017.0,0.816,0.704,0.558,0.702,0.627
Jamaica,JAM,120.0,2018.0,0.811,0.692,0.553,0.686,0.623
Jamaica,JAM,120.0,2019.0,0.812,0.706,0.549,0.688,0.648
Jamaica,JAM,120.0,2020.0,0.811,0.702,0.55,0.674,0.651
Jamaica,JAM,120.0,2021.0,0.806,0.695,0.532,0.647,0.665
Jamaica,JAM,120.0,2022.0,0.802,0.696,0.536,0.676,0.655
Jamaica,JAM,120.0,2023.0,0.798,0.678,0.521,0.651,0.664
Kazakhstan,KAZ,121.0,2016.0,0.244,0.117,0.077,0.102,0.189
Kazakhstan,KAZ,121.0,2017.0,0.234,0.113,0.07,0.097,0.19
Kazakhstan,KAZ,121.0,2018.0,0.236,0.111,0.077,0.091,0.184
Kazakhstan,KAZ,121.0,2019.0,0.239,0.114,0.077,0.129,0.19
Kazakhstan,KAZ,121.0,2020.0,0.243,0.118,0.078,0.129,0.203
Kazakhstan,KAZ,121.0,2021.0,0.255,0.125,0.092,0.135,0.202
Kazakhstan,KAZ,121.0,2022.0,0.273,0.137,0.113,0.172,0.22
Kazakhstan,KAZ,121.0,2023.0,0.284,0.144,0.129,0.175,0.224
Kyrgyzstan,KGZ,122.0,2016.0,0.451,0.308,0.275,0.386,0.311
Kyrgyzstan,KGZ,122.0,2017.0,0.453,0.309,0.276,0.371,0.315
Kyrgyzstan,KGZ,122.0,2018.0,0.469,0.336,0.277,0.381,0.325
Kyrgyzstan,KGZ,122.0,2019.0,0.445,0.321,0.259,0.277,0.308
Kyrgyzstan,KGZ,122.0,2020.0,0.387,0.257,0.226,0.244,0.276
Kyrgyzstan,KGZ,122.0,2021.0,0.416,0.27,0.235,0.261,0.281
Kyrgyzstan,KGZ,122.0,2022.0,0.382,0.242,0.2,0.234,0.268
Kyrgyzstan,KGZ,122.0,2023.0,0.358,0.199,0.186,0.176,0.252
Laos,LAO,123.0,2016.0,0.093,0.079,0.099,0.052,0.104
Laos,LAO,123.0,2017.0,0.125,0.088,0.105,0.067,0.106
Laos,LAO,123.0,2018.0,0.126,0.086,0.111,0.067,0.106
Laos,LAO,123.0,2019.0,0.128,0.101,0.102,0.066,0.121
Laos,LAO,123.0,2020.0,0.127,0.084,0.113,0.064,0.133
Laos,LAO,123.0,2021.0,0.134,0.097,0.124,0.06,0.12
Laos,LAO,123.0,2022.0,0.133,0.105,0.117,0.054,0.123
Laos,LAO,123.0,2023.0,0.132,0.095,0.117,0.059,0.129
Libya,LBY,124.0,2016.0,0.286,0.172,0.179,0.237,0.2
Libya,LBY,124.0,2017.0,0.275,0.167,0.166,0.231,0.186
Libya,LBY,124.0,2018.0,0.267,0.152,0.164,0.24,0.181
Libya,LBY,124.0,2019.0,0.264,0.148,0.163,0.234,0.181
Libya,LBY,124.0,2020.0,0.266,0.145,0.164,0.234,0.18
Libya,LBY,124.0,2021.0,0.216,0.126,0.158,0.214,0.14
Libya,LBY,124.0,2022.0,0.208,0.108,0.154,0.226,0.145
Libya,LBY,124.0,2023.0,0.194,0.103,0.148,0.22,0.147
Madagascar,MDG,125.0,2016.0,0.479,0.251,0.306,0.251,0.236
Madagascar,MDG,125.0,2017.0,0.476,0.252,0.304,0.263,0.235
Madagascar,MDG,125.0,2018.0,0.498,0.284,0.312,0.294,0.233
Madagascar,MDG,125.0,2019.0,0.495,0.258,0.298,0.311,0.219
Madagascar,MDG,125.0,2020.0,0.501,0.256,0.3,0.284,0.22
Madagascar,MDG,125.0,2021.0,0.497,0.249,0.296,0.28,0.211
Madagascar,MDG,125.0,2022.0,0.497,0.249,0.295,0.28,0.211
Madagascar,MDG,125.0,2023.0,0.474,0.241,0.278,0.258,0.205
Moldova,MDA,126.0,2016.0,0.53,0.432,0.351,0.365,0.4
Moldova,MDA,126.0,2017.0,0.505,0.4,0.325,0.333,0.368
Moldova,MDA,126.0,2018.0,0.501,0.391,0.323,0.319,0.365
Moldova,MDA,126.0,2019.0,0.584,0.443,0.384,0.397,0.423
Moldova,MDA,126.0,2020.0,0.654,0.524,0.45,0.463,0.493
Moldova,MDA,126.0,2021.0,0.758,0.626,0.537,0.649,0.607
Moldova,MDA,126.0,2022.0,0.763,0.65,0.541,0.697,0.616
Moldova,MDA,126.0,2023.0,0.713,0.608,0.504,0.645,0.576
Namibia,NAM,127.0,2016.0,0.722,0.592,0.451,0.567,0.489
Namibia,NAM,127.0,2017.0,0.718,0.578,0.44,0.562,0.486
Namibia,NAM,127.0,2018.0,0.692,0.564,0.425,0.517,0.422
Namibia,NAM,127.0,2019.0,0.659,0.519,0.392,0.491,0.387
Namibia,NAM,127.0,2020.0,0.646,0.525,0.388,0.478,0.381
Namibia,NAM,127.0,2021.0,0.637,0.516,0.385,0.463,0.346
Namibia,NAM,127.0,2022.0,0.645,0.511,0.392,0.467,0.332
Namibia,NAM,127.0,2023.0,0.646,0.519,0.365,0.473,0.335
Palestine/West Bank,PSE,128.0,2016.0,0.255,0.171,0.172,0.222,0.237
Palestine/West Bank,PSE,128.0,2017.0,0.263,0.179,0.174,0.237,0.258
Palestine/West Bank,PSE,128.0,2018.0,0.273,0.184,0.182,0.25,0.259
Palestine/West Bank,PSE,128.0,2019.0,0.28,0.198,0.191,0.25,0.263
Palestine/West Bank,PSE,128.0,2020.0,0.26,0.16,0.186,0.225,0.212
Palestine/West Bank,PSE,128.0,2021.0,0.257,0.143,0.17,0.147,0.193
Palestine/West Bank,PSE,128.0,2022.0,0.254,0.137,0.17,0.148,0.208
Palestine/West Bank,PSE,128.0,2023.0,0.254,0.138,0.158,0.146,0.22
Rwanda,RWA,129.0,2016.0,0.225,0.127,0.197,0.207,0.21
Rwanda,RWA,129.0,2017.0,0.223,0.116,0.196,0.21,0.204
Rwanda,RWA,129.0,2018.0,0.224,0.12,0.196,0.211,0.208
Rwanda,RWA,129.0,2019.0,0.228,0.12,0.187,0.217,0.21
Rwanda,RWA,129.0,2020.0,0.228,0.117,0.177,0.213,0.211
Rwanda,RWA,129.0,2021.0,0.227,0.11,0.166,0.214,0.203
Rwanda,RWA,129.0,2022.0,0.22,0.109,0.167,0.211,0.207
Rwanda,RWA,129.0,2023.0,0.214,0.096,0.145,0.194,0.183
Somalia,SOM,130.0,2016.0,0.169,0.111,0.091,0.163,0.074
Somalia,SOM,130.0,2017.0,0.175,0.123,0.094,0.17,0.075
Somalia,SOM,130.0,2018.0,0.158,0.105,0.081,0.161,0.068
Somalia,SOM,130.0,2019.0,0.152,0.101,0.078,0.171,0.073
Somalia,SOM,130.0,2020.0,0.16,0.104,0.086,0.175,0.071
Somalia,SOM,130.0,2021.0,0.167,0.111,0.088,0.173,0.091
Somalia,SOM,130.0,2022.0,0.163,0.115,0.088,0.172,0.089
Somalia,SOM,130.0,2023.0,0.172,0.136,0.086,0.219,0.097
Sri Lanka,LKA,131.0,2016.0,0.598,0.45,0.383,0.456,0.403
Sri Lanka,LKA,131.0,2017.0,0.59,0.444,0.38,0.471,0.398
Sri Lanka,LKA,131.0,2018.0,0.615,0.482,0.384,0.434,0.417
Sri Lanka,LKA,131.0,2019.0,0.565,0.434,0.343,0.382,0.396
Sri Lanka,LKA,131.0,2020.0,0.574,0.37,0.335,0.323,0.385
Sri Lanka,LKA,131.0,2021.0,0.577,0.395,0.344,0.324,0.382
Sri Lanka,LKA,131.0,2022.0,0.604,0.441,0.358,0.344,0.41
Sri Lanka,LKA,131.0,2023.0,0.58,0.421,0.355,0.384,0.39
Eswatini,SWZ,132.0,2016.0,0.13,0.098,0.124,0.086,0.093
Eswatini,SWZ,132.0,2017.0,0.132,0.101,0.125,0.087,0.096
Eswatini,SWZ,132.0,2018.0,0.13,0.114,0.12,0.103,0.085
Eswatini,SWZ,132.0,2019.0,0.134,0.112,0.116,0.07,0.079
Eswatini,SWZ,132.0,2020.0,0.132,0.113,0.112,0.076,0.082
Eswatini,SWZ,132.0,2021.0,0.119,0.094,0.109,0.052,0.074
Eswatini,SWZ,132.0,2022.0,0.118,0.093,0.078,0.036,0.067
Eswatini,SWZ,132.0,2023.0,0.124,0.094,0.077,0.053,0.068
Tajikistan,TJK,133.0,2016.0,0.173,0.041,0.053,0.052,0.083
Tajikistan,TJK,133.0,2017.0,0.17,0.044,0.058,0.046,0.075
Tajikistan,TJK,133.0,2018.0,0.165,0.049,0.054,0.038,0.075
Tajikistan,TJK,133.0,2019.0,0.165,0.043,0.055,0.043,0.071
Tajikistan,TJK,133.0,2020.0,0.172,0.044,0.059,0.054,0.07
Tajikistan,TJK,133.0,2021.0,0.176,0.042,0.056,0.055,0.074
Tajikistan,TJK,133.0,2022.0,0.166,0.041,0.055,0.06,0.072
Tajikistan,TJK,133.0,2023.0,0.168,0.041,0.059,0.057,0.071
Togo,TGO,134.0,2016.0,0.489,0.278,0.193,0.386,0.363
Togo,TGO,134.0,2017.0,0.462,0.254,0.172,0.344,0.348
Togo,TGO,134.0,2018.0,0.453,0.233,0.213,0.35,0.34
Togo,TGO,134.0,2019.0,0.412,0.214,0.249,0.333,0.329
Togo,TGO,134.0,2020.0,0.457,0.256,0.28,0.378,0.357
Togo,TGO,134.0,2021.0,0.423,0.234,0.266,0.356,0.31
Togo,TGO,134.0,2022.0,0.424,0.235,0.267,0.359,0.304
Togo,TGO,134.0,2023.0,0.416,0.215,0.242,0.336,0.297
Trinidad and Tobago,TTO,135.0,2016.0,0.759,0.648,0.485,0.674,0.606
Trinidad and Tobago,TTO,135.0,2017.0,0.75,0.642,0.481,0.675,0.6
Trinidad and Tobago,TTO,135.0,2018.0,0.746,0.634,0.478,0.666,0.593
Trinidad and Tobago,TTO,135.0,2019.0,0.745,0.641,0.476,0.674,0.601
Trinidad and Tobago,TTO,135.0,2020.0,0.756,0.639,0.477,0.683,0.608
Trinidad and Tobago,TTO,135.0,2021.0,0.766,0.645,0.488,0.696,0.611
Trinidad and Tobago,TTO,135.0,2022.0,0.753,0.635,0.484,0.681,0.609
Trinidad and Tobago,TTO,135.0,2023.0,0.753,0.635,0.484,0.681,0.605
Turkmenistan,TKM,136.0,2016.0,0.144,0.026,0.031,0.032,0.085
Turkmenistan,TKM,136.0,2017.0,0.148,0.028,0.031,0.038,0.078
Turkmenistan,TKM,136.0,2018.0,0.149,0.031,0.032,0.035,0.079
Turkmenistan,TKM,136.0,2019.0,0.15,0.037,0.032,0.037,0.084
Turkmenistan,TKM,136.0,2020.0,0.151,0.034,0.032,0.034,0.086
Turkmenistan,TKM,136.0,2021.0,0.15,0.036,0.032,0.03,0.085
Turkmenistan,TKM,136.0,2022.0,0.148,0.034,0.032,0.024,0.087
Turkmenistan,TKM,136.0,2023.0,0.15,0.036,0.03,0.024,0.092
Palestine/Gaza,PSG,138.0,2016.0,0.124,0.065,0.109,0.082,0.146
Palestine/Gaza,PSG,138.0,2017.0,0.125,0.06,0.113,0.062,0.141
Palestine/Gaza,PSG,138.0,2018.0,0.117,0.039,0.094,0.046,0.168
Palestine/Gaza,PSG,138.0,2019.0,0.12,0.073,0.105,0.037,0.146
Palestine/Gaza,PSG,138.0,2020.0,0.132,0.05,0.103,0.062,0.157
Palestine/Gaza,PSG,138.0,2021.0,0.131,0.054,0.111,0.065,0.158
Palestine/Gaza,PSG,138.0,2022.0,0.135,0.06,0.119,0.065,0.164
Palestine/Gaza,PSG,138.0,2023.0,0.136,0.07,0.107,0.065,0.169
Somaliland,SML,139.0,2016.0,0.406,0.244,0.248,0.272,0.164
Somaliland,SML,139.0,2017.0,0.419,0.252,0.253,0.259,0.166
Somaliland,SML,139.0,2018.0,0.394,0.239,0.24,0.249,0.163
Somaliland,SML,139.0,2019.0,0.391,0.234,0.236,0.247,0.157
Somaliland,SML,139.0,2020.0,0.394,0.231,0.238,0.248,0.162
Somaliland,SML,139.0,2021.0,0.406,0.244,0.243,0.254,0.169
Somaliland,SML,139.0,2022.0,0.413,0.242,0.25,0.258,0.162
Somaliland,SML,139.0,2023.0,0.404,0.247,0.247,0.248,0.165
Uzbekistan,UZB,140.0,2016.0,0.169,0.037,0.038,0.072,0.134
Uzbekistan,UZB,140.0,2017.0,0.192,0.052,0.047,0.154,0.142
Uzbekistan,UZB,140.0,2018.0,0.189,0.064,0.058,0.185,0.139
Uzbekistan,UZB,140.0,2019.0,0.204,0.077,0.055,0.184,0.152
Uzbekistan,UZB,140.0,2020.0,0.204,0.084,0.063,0.175,0.157
Uzbekistan,UZB,140.0,2021.0,0.205,0.079,0.063,0.161,0.153
Uzbekistan,UZB,140.0,2022.0,0.215,0.08,0.061,0.161,0.159
Uzbekistan,UZB,140.0,2023.0,0.215,0.081,0.073,0.154,0.155
Austria,AUT,144.0,2016.0,0.851,0.784,0.642,0.765,0.752
Austria,AUT,144.0,2017.0,0.853,0.786,0.644,0.743,0.753
Austria,AUT,144.0,2018.0,0.853,0.779,0.639,0.7,0.761
Austria,AUT,144.0,2019.0,0.862,0.792,0.631,0.725,0.769
Austria,AUT,144.0,2020.0,0.859,0.789,0.631,0.734,0.772
Austria,AUT,144.0,2021.0,0.851,0.783,0.61,0.72,0.759
Austria,AUT,144.0,2022.0,0.836,0.757,0.595,0.707,0.745
Austria,AUT,144.0,2023.0,0.844,0.773,0.595,0.71,0.748
Bahrain,BHR,146.0,2016.0,0.134,0.044,0.035,0.05,0.113
Bahrain,BHR,146.0,2017.0,0.125,0.042,0.033,0.047,0.115
Bahrain,BHR,146.0,2018.0,0.119,0.044,0.03,0.041,0.112
Bahrain,BHR,146.0,2019.0,0.121,0.052,0.035,0.039,0.11
Bahrain,BHR,146.0,2020.0,0.122,0.052,0.034,0.067,0.114
Bahrain,BHR,146.0,2021.0,0.125,0.054,0.034,0.068,0.114
Bahrain,BHR,146.0,2022.0,0.125,0.055,0.042,0.068,0.115
Bahrain,BHR,146.0,2023.0,0.129,0.054,0.043,0.068,0.115
Barbados,BRB,147.0,2016.0,0.776,0.664,0.336,0.666,0.623
Barbados,BRB,147.0,2017.0,0.774,0.657,0.337,0.595,0.611
Barbados,BRB,147.0,2018.0,0.775,0.653,0.337,0.674,0.62
Barbados,BRB,147.0,2019.0,0.787,0.665,0.34,0.687,0.636
Barbados,BRB,147.0,2020.0,0.8,0.679,0.352,0.704,0.657
Barbados,BRB,147.0,2021.0,0.789,0.671,0.347,0.691,0.656
Barbados,BRB,147.0,2022.0,0.795,0.677,0.345,0.705,0.662
Barbados,BRB,147.0,2023.0,0.796,0.678,0.345,0.698,0.663
Belgium,BEL,148.0,2016.0,0.902,0.84,0.647,0.815,0.835
Belgium,BEL,148.0,2017.0,0.901,0.838,0.646,0.811,0.835
Belgium,BEL,148.0,2018.0,0.901,0.838,0.646,0.809,0.837
Belgium,BEL,148.0,2019.0,0.9,0.839,0.644,0.811,0.836
Belgium,BEL,148.0,2020.0,0.894,0.825,0.638,0.82,0.827
Belgium,BEL,148.0,2021.0,0.895,0.826,0.639,0.819,0.828
Belgium,BEL,148.0,2022.0,0.895,0.834,0.64,0.813,0.828
Belgium,BEL,148.0,2023.0,0.895,0.814,0.64,0.813,0.828
Bosnia and Herzegovina,BIH,150.0,2016.0,0.55,0.369,0.326,0.362,0.387
Bosnia and Herzegovina,BIH,150.0,2017.0,0.544,0.367,0.318,0.368,0.384
Bosnia and Herzegovina,BIH,150.0,2018.0,0.519,0.348,0.302,0.345,0.37
Bosnia and Herzegovina,BIH,150.0,2019.0,0.521,0.35,0.309,0.363,0.366
Bosnia and Herzegovina,BIH,150.0,2020.0,0.523,0.343,0.314,0.332,0.365
Bosnia and Herzegovina,BIH,150.0,2021.0,0.512,0.34,0.308,0.323,0.362
Bosnia and Herzegovina,BIH,150.0,2022.0,0.52,0.35,0.313,0.331,0.359
Bosnia and Herzegovina,BIH,150.0,2023.0,0.512,0.346,0.307,0.372,0.362
Bulgaria,BGR,152.0,2016.0,0.671,0.567,0.498,0.547,0.518
Bulgaria,BGR,152.0,2017.0,0.629,0.53,0.461,0.489,0.48
Bulgaria,BGR,152.0,2018.0,0.617,0.517,0.455,0.486,0.473
Bulgaria,BGR,152.0,2019.0,0.611,0.51,0.449,0.478,0.459
Bulgaria,BGR,152.0,2020.0,0.608,0.502,0.449,0.497,0.442
Bulgaria,BGR,152.0,2021.0,0.672,0.555,0.488,0.562,0.494
Bulgaria,BGR,152.0,2022.0,0.692,0.616,0.489,0.595,0.551
Bulgaria,BGR,152.0,2023.0,0.666,0.588,0.468,0.595,0.52
Comoros,COM,153.0,2016.0,0.407,0.245,0.274,0.308,0.284
Comoros,COM,153.0,2017.0,0.397,0.191,0.271,0.269,0.281
Comoros,COM,153.0,2018.0,0.379,0.168,0.255,0.244,0.269
Comoros,COM,153.0,2019.0,0.32,0.115,0.22,0.217,0.247
Comoros,COM,153.0,2020.0,0.289,0.109,0.207,0.223,0.233
Comoros,COM,153.0,2021.0,0.29,0.108,0.207,0.203,0.229
Comoros,COM,153.0,2022.0,0.282,0.108,0.204,0.187,0.221
Comoros,COM,153.0,2023.0,0.275,0.106,0.201,0.185,0.219
Croatia,HRV,154.0,2016.0,0.764,0.652,0.541,0.547,0.608
Croatia,HRV,154.0,2017.0,0.735,0.623,0.52,0.571,0.577
Croatia,HRV,154.0,2018.0,0.735,0.619,0.524,0.556,0.592
Croatia,HRV,154.0,2019.0,0.742,0.623,0.522,0.551,0.583
Croatia,HRV,154.0,2020.0,0.768,0.656,0.535,0.582,0.611
Croatia,HRV,154.0,2021.0,0.756,0.647,0.52,0.553,0.594
Croatia,HRV,154.0,2022.0,0.736,0.649,0.504,0.553,0.574
Croatia,HRV,154.0,2023.0,0.733,0.639,0.498,0.531,0.576
Cuba,CUB,155.0,2016.0,0.17,0.058,0.07,0.083,0.233
Cuba,CUB,155.0,2017.0,0.17,0.06,0.07,0.082,0.231
Cuba,CUB,155.0,2018.0,0.178,0.062,0.074,0.104,0.23
Cuba,CUB,155.0,2019.0,0.181,0.063,0.085,0.103,0.244
Cuba,CUB,155.0,2020.0,0.179,0.061,0.085,0.104,0.245
Cuba,CUB,155.0,2021.0,0.179,0.058,0.085,0.102,0.245
Cuba,CUB,155.0,2022.0,0.179,0.058,0.085,0.102,0.237
Cuba,CUB,155.0,2023.0,0.176,0.058,0.082,0.102,0.233
Cyprus,CYP,156.0,2016.0,0.851,0.741,0.58,0.737,0.749
Cyprus,CYP,156.0,2017.0,0.838,0.731,0.566,0.7,0.738
Cyprus,CYP,156.0,2018.0,0.833,0.725,0.562,0.717,0.735
Cyprus,CYP,156.0,2019.0,0.838,0.715,0.566,0.711,0.737
Cyprus,CYP,156.0,2020.0,0.804,0.694,0.53,0.634,0.707
Cyprus,CYP,156.0,2021.0,0.798,0.652,0.522,0.65,0.698
Cyprus,CYP,156.0,2022.0,0.78,0.643,0.502,0.642,0.676
Cyprus,CYP,156.0,2023.0,0.774,0.636,0.497,0.647,0.668
Czechia,CZE,157.0,2016.0,0.86,0.773,0.58,0.734,0.779
Czechia,CZE,157.0,2017.0,0.839,0.737,0.568,0.693,0.746
Czechia,CZE,157.0,2018.0,0.82,0.719,0.545,0.674,0.726
Czechia,CZE,157.0,2019.0,0.809,0.712,0.533,0.635,0.714
Czechia,CZE,157.0,2020.0,0.82,0.721,0.54,0.65,0.727
Czechia,CZE,157.0,2021.0,0.797,0.71,0.524,0.628,0.705
Czechia,CZE,157.0,2022.0,0.857,0.789,0.567,0.75,0.774
Czechia,CZE,157.0,2023.0,0.871,0.805,0.578,0.768,0.788
Denmark,DNK,158.0,2016.0,0.918,0.892,0.708,0.878,0.879
Denmark,DNK,158.0,2017.0,0.918,0.889,0.708,0.879,0.876
Denmark,DNK,158.0,2018.0,0.918,0.889,0.708,0.875,0.88
Denmark,DNK,158.0,2019.0,0.914,0.884,0.702,0.873,0.876
Denmark,DNK,158.0,2020.0,0.915,0.883,0.701,0.879,0.877
Denmark,DNK,158.0,2021.0,0.915,0.882,0.696,0.876,0.877
Denmark,DNK,158.0,2022.0,0.915,0.887,0.704,0.876,0.877
Denmark,DNK,158.0,2023.0,0.915,0.883,0.704,0.873,0.877
Equatorial Guinea,GNQ,160.0,2016.0,0.181,0.054,0.054,0.064,0.105
Equatorial Guinea,GNQ,160.0,2017.0,0.176,0.053,0.052,0.062,0.109
Equatorial Guinea,GNQ,160.0,2018.0,0.177,0.056,0.051,0.062,0.11
Equatorial Guinea,GNQ,160.0,2019.0,0.179,0.056,0.05,0.054,0.118
Equatorial Guinea,GNQ,160.0,2020.0,0.176,0.053,0.052,0.045,0.114
Equatorial Guinea,GNQ,160.0,2021.0,0.174,0.054,0.051,0.045,0.113
Equatorial Guinea,GNQ,160.0,2022.0,0.174,0.052,0.049,0.045,0.108
Equatorial Guinea,GNQ,160.0,2023.0,0.183,0.057,0.05,0.047,0.11
Estonia,EST,161.0,2016.0,0.907,0.859,0.649,0.844,0.805
Estonia,EST,161.0,2017.0,0.906,0.859,0.646,0.84,0.803
Estonia,EST,161.0,2018.0,0.906,0.861,0.651,0.836,0.805
Estonia,EST,161.0,2019.0,0.895,0.845,0.639,0.783,0.794
Estonia,EST,161.0,2020.0,0.896,0.842,0.635,0.718,0.798
Estonia,EST,161.0,2021.0,0.897,0.848,0.635,0.809,0.8
Estonia,EST,161.0,2022.0,0.895,0.851,0.631,0.787,0.799
Estonia,EST,161.0,2023.0,0.895,0.845,0.632,0.774,0.797
Fiji,FJI,162.0,2016.0,0.404,0.28,0.198,0.29,0.301
Fiji,FJI,162.0,2017.0,0.406,0.286,0.204,0.292,0.298
Fiji,FJI,162.0,2018.0,0.41,0.286,0.2,0.298,0.306
Fiji,FJI,162.0,2019.0,0.399,0.27,0.184,0.287,0.295
Fiji,FJI,162.0,2020.0,0.409,0.272,0.197,0.288,0.302
Fiji,FJI,162.0,2021.0,0.4,0.271,0.205,0.297,0.28
Fiji,FJI,162.0,2022.0,0.399,0.266,0.215,0.294,0.275
Fiji,FJI,162.0,2023.0,0.504,0.41,0.262,0.408,0.349
Finland,FIN,163.0,2016.0,0.863,0.821,0.606,0.792,0.803
Finland,FIN,163.0,2017.0,0.866,0.829,0.61,0.796,0.799
Finland,FIN,163.0,2018.0,0.877,0.843,0.619,0.808,0.804
Finland,FIN,163.0,2019.0,0.876,0.839,0.623,0.811,0.801
Finland,FIN,163.0,2020.0,0.874,0.838,0.621,0.809,0.795
Finland,FIN,163.0,2021.0,0.871,0.834,0.618,0.807,0.785
Finland,FIN,163.0,2022.0,0.87,0.832,0.619,0.809,0.783
Finland,FIN,163.0,2023.0,0.86,0.82,0.602,0.796,0.768
Greece,GRC,164.0,2016.0,0.877,0.784,0.641,0.76,0.779
Greece,GRC,164.0,2017.0,0.875,0.781,0.64,0.759,0.784
Greece,GRC,164.0,2018.0,0.866,0.775,0.63,0.741,0.757
Greece,GRC,164.0,2019.0,0.868,0.77,0.634,0.792,0.741
Greece,GRC,164.0,2020.0,0.809,0.693,0.579,0.719,0.686
Greece,GRC,164.0,2021.0,0.771,0.644,0.541,0.681,0.655
Greece,GRC,164.0,2022.0,0.771,0.606,0.537,0.681,0.651
Greece,GRC,164.0,2023.0,0.751,0.582,0.518,0.645,0.626
Guyana,GUY,166.0,2016.0,0.664,0.466,0.411,0.403,0.478
Guyana,GUY,166.0,2017.0,0.668,0.468,0.412,0.418,0.495
Guyana,GUY,166.0,2018.0,0.669,0.459,0.41,0.461,0.498
Guyana,GUY,166.0,2019.0,0.65,0.443,0.392,0.465,0.481
Guyana,GUY,166.0,2020.0,0.567,0.401,0.341,0.37,0.416
Guyana,GUY,166.0,2021.0,0.531,0.364,0.321,0.258,0.384
Guyana,GUY,166.0,2022.0,0.518,0.356,0.307,0.251,0.369
Guyana,GUY,166.0,2023.0,0.512,0.332,0.303,0.25,0.377
Hong Kong,HKG,167.0,2016.0,0.335,0.293,0.127,0.279,0.294
Hong Kong,HKG,167.0,2017.0,0.326,0.287,0.123,0.272,0.292
Hong Kong,HKG,167.0,2018.0,0.32,0.277,0.119,0.252,0.29
Hong Kong,HKG,167.0,2019.0,0.302,0.266,0.113,0.171,0.281
Hong Kong,HKG,167.0,2020.0,0.27,0.208,0.094,0.099,0.258
Hong Kong,HKG,167.0,2021.0,0.213,0.163,0.068,0.066,0.236
Hong Kong,HKG,167.0,2022.0,0.166,0.136,0.054,0.057,0.218
Hong Kong,HKG,167.0,2023.0,0.154,0.124,0.05,0.061,0.212
Iceland,ISL,168.0,2016.0,0.865,0.78,0.644,0.73,0.799
Iceland,ISL,168.0,2017.0,0.865,0.783,0.642,0.754,0.797
Iceland,ISL,168.0,2018.0,0.88,0.798,0.656,0.779,0.812
Iceland,ISL,168.0,2019.0,0.856,0.779,0.635,0.785,0.776
Iceland,ISL,168.0,2020.0,0.857,0.777,0.635,0.785,0.775
Iceland,ISL,168.0,2021.0,0.836,0.744,0.615,0.729,0.753
Iceland,ISL,168.0,2022.0,0.822,0.733,0.6,0.717,0.738
Iceland,ISL,168.0,2023.0,0.834,0.744,0.594,0.711,0.726
Israel,ISR,169.0,2016.0,0.733,0.652,0.473,0.595,0.602
Israel,ISR,169.0,2017.0,0.719,0.638,0.462,0.583,0.582
Israel,ISR,169.0,2018.0,0.705,0.627,0.454,0.57,0.571
Israel,ISR,169.0,2019.0,0.713,0.627,0.462,0.574,0.574
Israel,ISR,169.0,2020.0,0.729,0.645,0.465,0.59,0.591
Israel,ISR,169.0,2021.0,0.739,0.657,0.49,0.604,0.604
Israel,ISR,169.0,2022.0,0.727,0.656,0.477,0.639,0.594
Israel,ISR,169.0,2023.0,0.723,0.634,0.478,0.558,0.562
Kuwait,KWT,171.0,2016.0,0.318,0.289,0.111,0.31,0.257
Kuwait,KWT,171.0,2017.0,0.33,0.297,0.104,0.304,0.262
Kuwait,KWT,171.0,2018.0,0.322,0.293,0.094,0.303,0.254
Kuwait,KWT,171.0,2019.0,0.329,0.296,0.102,0.298,0.254
Kuwait,KWT,171.0,2020.0,0.325,0.291,0.101,0.298,0.252
Kuwait,KWT,171.0,2021.0,0.313,0.284,0.091,0.257,0.239
Kuwait,KWT,171.0,2022.0,0.312,0.296,0.101,0.275,0.238
Kuwait,KWT,171.0,2023.0,0.333,0.313,0.107,0.265,0.24
Lithuania,LTU,173.0,2016.0,0.824,0.769,0.615,0.681,0.731
Lithuania,LTU,173.0,2017.0,0.806,0.75,0.603,0.653,0.699
Lithuania,LTU,173.0,2018.0,0.817,0.754,0.614,0.62,0.699
Lithuania,LTU,173.0,2019.0,0.82,0.755,0.63,0.673,0.705
Lithuania,LTU,173.0,2020.0,0.81,0.755,0.612,0.681,0.703
Lithuania,LTU,173.0,2021.0,0.8,0.739,0.593,0.66,0.691
Lithuania,LTU,173.0,2022.0,0.8,0.741,0.593,0.66,0.687
Lithuania,LTU,173.0,2023.0,0.798,0.735,0.585,0.661,0.691
Luxembourg,LUX,174.0,2016.0,0.878,0.795,0.642,0.833,0.826
Luxembourg,LUX,174.0,2017.0,0.878,0.795,0.642,0.833,0.826
Luxembourg,LUX,174.0,2018.0,0.879,0.797,0.635,0.833,0.828
Luxembourg,LUX,174.0,2019.0,0.88,0.798,0.641,0.835,0.829
Luxembourg,LUX,174.0,2020.0,0.88,0.791,0.628,0.838,0.819
Luxembourg,LUX,174.0,2021.0,0.88,0.79,0.627,0.84,0.82
Luxembourg,LUX,174.0,2022.0,0.88,0.794,0.586,0.84,0.821
Luxembourg,LUX,174.0,2023.0,0.878,0.798,0.58,0.841,0.816
North Macedonia,MKD,176.0,2016.0,0.449,0.277,0.293,0.269,0.314
North Macedonia,MKD,176.0,2017.0,0.549,0.385,0.365,0.43,0.373
North Macedonia,MKD,176.0,2018.0,0.576,0.391,0.397,0.449,0.405
North Macedonia,MKD,176.0,2019.0,0.603,0.416,0.412,0.45,0.416
North Macedonia,MKD,176.0,2020.0,0.595,0.405,0.406,0.444,0.403
North Macedonia,MKD,176.0,2021.0,0.585,0.392,0.4,0.429,0.386
North Macedonia,MKD,176.0,2022.0,0.557,0.371,0.372,0.382,0.363
North Macedonia,MKD,176.0,2023.0,0.56,0.359,0.371,0.386,0.366
Malaysia,MYS,177.0,2016.0,0.329,0.205,0.234,0.254,0.233
Malaysia,MYS,177.0,2017.0,0.335,0.205,0.226,0.26,0.234
Malaysia,MYS,177.0,2018.0,0.441,0.316,0.277,0.338,0.332
Malaysia,MYS,177.0,2019.0,0.475,0.339,0.298,0.362,0.353
Malaysia,MYS,177.0,2020.0,0.425,0.305,0.272,0.302,0.327
Malaysia,MYS,177.0,2021.0,0.426,0.299,0.271,0.307,0.323
Malaysia,MYS,177.0,2022.0,0.456,0.316,0.274,0.332,0.35
Malaysia,MYS,177.0,2023.0,0.506,0.359,0.307,0.357,0.388
Malta,MLT,178.0,2016.0,0.778,0.585,0.578,0.632,0.669
Malta,MLT,178.0,2017.0,0.767,0.567,0.568,0.622,0.658
Malta,MLT,178.0,2018.0,0.76,0.56,0.56,0.615,0.651
Malta,MLT,178.0,2019.0,0.767,0.58,0.566,0.623,0.651
Malta,MLT,178.0,2020.0,0.767,0.626,0.554,0.607,0.674
Malta,MLT,178.0,2021.0,0.775,0.633,0.557,0.629,0.684
Malta,MLT,178.0,2022.0,0.779,0.637,0.556,0.634,0.689
Malta,MLT,178.0,2023.0,0.779,0.64,0.549,0.635,0.686
Mauritius,MUS,180.0,2016.0,0.741,0.631,0.47,0.606,0.61
Mauritius,MUS,180.0,2017.0,0.74,0.628,0.475,0.627,0.61
Mauritius,MUS,180.0,2018.0,0.745,0.631,0.473,0.633,0.608
Mauritius,MUS,180.0,2019.0,0.696,0.593,0.444,0.571,0.573
Mauritius,MUS,180.0,2020.0,0.547,0.444,0.346,0.454,0.431
Mauritius,MUS,180.0,2021.0,0.528,0.42,0.335,0.436,0.411
Mauritius,MUS,180.0,2022.0,0.504,0.376,0.32,0.42,0.394
Mauritius,MUS,180.0,2023.0,0.479,0.36,0.308,0.403,0.372
Montenegro,MNE,183.0,2016.0,0.466,0.37,0.309,0.387,0.376
Montenegro,MNE,183.0,2017.0,0.459,0.364,0.308,0.362,0.366
Montenegro,MNE,183.0,2018.0,0.466,0.363,0.305,0.361,0.379
Montenegro,MNE,183.0,2019.0,0.459,0.357,0.302,0.359,0.357
Montenegro,MNE,183.0,2020.0,0.481,0.382,0.313,0.409,0.401
Montenegro,MNE,183.0,2021.0,0.509,0.415,0.308,0.427,0.417
Montenegro,MNE,183.0,2022.0,0.504,0.405,0.302,0.392,0.406
Montenegro,MNE,183.0,2023.0,0.581,0.467,0.363,0.454,0.459
New Zealand,NZL,185.0,2016.0,0.889,0.837,0.691,0.763,0.789
New Zealand,NZL,185.0,2017.0,0.886,0.833,0.698,0.76,0.79
New Zealand,NZL,185.0,2018.0,0.897,0.844,0.701,0.771,0.798
New Zealand,NZL,185.0,2019.0,0.894,0.842,0.694,0.77,0.792
New Zealand,NZL,185.0,2020.0,0.89,0.836,0.687,0.762,0.786
New Zealand,NZL,185.0,2021.0,0.883,0.825,0.677,0.749,0.777
New Zealand,NZL,185.0,2022.0,0.885,0.829,0.669,0.776,0.779
New Zealand,NZL,185.0,2023.0,0.886,0.831,0.667,0.748,0.775
Norway,NOR,186.0,2016.0,0.895,0.864,0.646,0.867,0.85
Norway,NOR,186.0,2017.0,0.891,0.86,0.644,0.863,0.847
Norway,NOR,186.0,2018.0,0.884,0.849,0.637,0.855,0.843
Norway,NOR,186.0,2019.0,0.889,0.852,0.637,0.86,0.849
Norway,NOR,186.0,2020.0,0.88,0.831,0.634,0.852,0.831
Norway,NOR,186.0,2021.0,0.886,0.836,0.638,0.857,0.838
Norway,NOR,186.0,2022.0,0.886,0.835,0.637,0.857,0.836
Norway,NOR,186.0,2023.0,0.886,0.836,0.637,0.858,0.836
Oman,OMN,187.0,2016.0,0.175,0.139,0.123,0.073,0.183
Oman,OMN,187.0,2017.0,0.175,0.139,0.123,0.068,0.188
Oman,OMN,187.0,2018.0,0.177,0.14,0.123,0.069,0.188
Oman,OMN,187.0,2019.0,0.176,0.14,0.126,0.069,0.186
Oman,OMN,187.0,2020.0,0.173,0.136,0.122,0.063,0.185
Oman,OMN,187.0,2021.0,0.173,0.138,0.123,0.066,0.185
Oman,OMN,187.0,2022.0,0.168,0.137,0.119,0.066,0.184
Oman,OMN,187.0,2023.0,0.17,0.137,0.123,0.071,0.178
Paraguay,PRY,189.0,2016.0,0.583,0.415,0.371,0.32,0.229
Paraguay,PRY,189.0,2017.0,0.591,0.419,0.368,0.327,0.244
Paraguay,PRY,189.0,2018.0,0.584,0.416,0.366,0.353,0.238
Paraguay,PRY,189.0,2019.0,0.587,0.423,0.366,0.377,0.241
Paraguay,PRY,189.0,2020.0,0.583,0.423,0.357,0.359,0.242
Paraguay,PRY,189.0,2021.0,0.583,0.431,0.356,0.359,0.249
Paraguay,PRY,189.0,2022.0,0.583,0.432,0.352,0.348,0.248
Paraguay,PRY,189.0,2023.0,0.579,0.426,0.35,0.332,0.25
Romania,ROU,190.0,2016.0,0.732,0.622,0.505,0.645,0.573
Romania,ROU,190.0,2017.0,0.695,0.531,0.455,0.342,0.524
Romania,ROU,190.0,2018.0,0.69,0.487,0.477,0.322,0.511
Romania,ROU,190.0,2019.0,0.745,0.554,0.555,0.385,0.556
Romania,ROU,190.0,2020.0,0.801,0.663,0.606,0.476,0.6
Romania,ROU,190.0,2021.0,0.77,0.611,0.582,0.553,0.555
Romania,ROU,190.0,2022.0,0.689,0.541,0.5,0.348,0.484
Romania,ROU,190.0,2023.0,0.669,0.501,0.468,0.31,0.477
Sao Tome and Principe,STP,196.0,2016.0,0.682,0.569,0.419,0.519,0.484
Sao Tome and Principe,STP,196.0,2017.0,0.671,0.556,0.416,0.505,0.476
Sao Tome and Principe,STP,196.0,2018.0,0.674,0.549,0.42,0.507,0.475
Sao Tome and Principe,STP,196.0,2019.0,0.703,0.583,0.443,0.533,0.491
Sao Tome and Principe,STP,196.0,2020.0,0.693,0.584,0.434,0.498,0.493
Sao Tome and Principe,STP,196.0,2021.0,0.69,0.582,0.433,0.489,0.49
Sao Tome and Principe,STP,196.0,2022.0,0.679,0.566,0.424,0.481,0.479
Sao Tome and Principe,STP,196.0,2023.0,0.675,0.563,0.42,0.478,0.478
Saudi Arabia,SAU,197.0,2016.0,0.015,0.046,0.026,0.052,0.105
Saudi Arabia,SAU,197.0,2017.0,0.014,0.046,0.026,0.044,0.109
Saudi Arabia,SAU,197.0,2018.0,0.015,0.045,0.026,0.044,0.109
Saudi Arabia,SAU,197.0,2019.0,0.015,0.047,0.022,0.047,0.11
Saudi Arabia,SAU,197.0,2020.0,0.014,0.046,0.021,0.067,0.106
Saudi Arabia,SAU,197.0,2021.0,0.015,0.046,0.021,0.056,0.107
Saudi Arabia,SAU,197.0,2022.0,0.015,0.046,0.025,0.062,0.104
Saudi Arabia,SAU,197.0,2023.0,0.015,0.046,0.022,0.062,0.112
Serbia,SRB,198.0,2016.0,0.416,0.327,0.278,0.281,0.336
Serbia,SRB,198.0,2017.0,0.378,0.296,0.251,0.266,0.308
Serbia,SRB,198.0,2018.0,0.359,0.286,0.238,0.243,0.306
Serbia,SRB,198.0,2019.0,0.368,0.287,0.245,0.222,0.316
Serbia,SRB,198.0,2020.0,0.354,0.247,0.237,0.196,0.307
Serbia,SRB,198.0,2021.0,0.34,0.239,0.23,0.186,0.3
Serbia,SRB,198.0,2022.0,0.36,0.262,0.244,0.225,0.316
Serbia,SRB,198.0,2023.0,0.364,0.253,0.244,0.22,0.312
Seychelles,SYC,199.0,2016.0,0.592,0.498,0.24,0.484,0.472
Seychelles,SYC,199.0,2017.0,0.609,0.518,0.248,0.506,0.487
Seychelles,SYC,199.0,2018.0,0.611,0.529,0.248,0.517,0.496
Seychelles,SYC,199.0,2019.0,0.623,0.537,0.265,0.524,0.506
Seychelles,SYC,199.0,2020.0,0.668,0.579,0.272,0.575,0.54
Seychelles,SYC,199.0,2021.0,0.712,0.64,0.299,0.639,0.577
Seychelles,SYC,199.0,2022.0,0.759,0.672,0.322,0.687,0.634
Seychelles,SYC,199.0,2023.0,0.743,0.659,0.314,0.68,0.617
Singapore,SGP,200.0,2016.0,0.432,0.337,0.111,0.368,0.38
Singapore,SGP,200.0,2017.0,0.428,0.344,0.119,0.36,0.357
Singapore,SGP,200.0,2018.0,0.415,0.337,0.116,0.352,0.352
Singapore,SGP,200.0,2019.0,0.411,0.333,0.117,0.349,0.348
Singapore,SGP,200.0,2020.0,0.401,0.327,0.1,0.346,0.353
Singapore,SGP,200.0,2021.0,0.402,0.33,0.113,0.347,0.353
Singapore,SGP,200.0,2022.0,0.398,0.324,0.112,0.339,0.351
Singapore,SGP,200.0,2023.0,0.403,0.331,0.108,0.327,0.357
Slovakia,SVK,201.0,2016.0,0.841,0.732,0.637,0.645,0.677
Slovakia,SVK,201.0,2017.0,0.841,0.73,0.627,0.642,0.669
Slovakia,SVK,201.0,2018.0,0.82,0.708,0.606,0.637,0.648
Slovakia,SVK,201.0,2019.0,0.846,0.746,0.626,0.668,0.676
Slovakia,SVK,201.0,2020.0,0.851,0.766,0.625,0.68,0.669
Slovakia,SVK,201.0,2021.0,0.851,0.766,0.617,0.684,0.681
Slovakia,SVK,201.0,2022.0,0.842,0.766,0.606,0.605,0.689
Slovakia,SVK,201.0,2023.0,0.823,0.739,0.601,0.537,0.665
Slovenia,SVN,202.0,2016.0,0.862,0.795,0.666,0.788,0.775
Slovenia,SVN,202.0,2017.0,0.843,0.774,0.636,0.746,0.75
Slovenia,SVN,202.0,2018.0,0.832,0.761,0.622,0.746,0.738
Slovenia,SVN,202.0,2019.0,0.811,0.743,0.605,0.706,0.715
Slovenia,SVN,202.0,2020.0,0.761,0.672,0.547,0.593,0.62
Slovenia,SVN,202.0,2021.0,0.716,0.626,0.51,0.54,0.582
Slovenia,SVN,202.0,2022.0,0.812,0.729,0.59,0.707,0.705
Slovenia,SVN,202.0,2023.0,0.758,0.653,0.564,0.647,0.661
Solomon Islands,SLB,203.0,2016.0,0.576,0.446,0.323,0.351,0.316
Solomon Islands,SLB,203.0,2017.0,0.589,0.458,0.334,0.357,0.325
Solomon Islands,SLB,203.0,2018.0,0.593,0.463,0.339,0.353,0.332
Solomon Islands,SLB,203.0,2019.0,0.619,0.478,0.366,0.323,0.339
Solomon Islands,SLB,203.0,2020.0,0.614,0.46,0.358,0.358,0.34
Solomon Islands,SLB,203.0,2021.0,0.614,0.466,0.357,0.34,0.34
Solomon Islands,SLB,203.0,2022.0,0.614,0.472,0.358,0.349,0.35
Solomon Islands,SLB,203.0,2023.0,0.619,0.481,0.36,0.353,0.364
Vanuatu,VUT,206.0,2016.0,0.755,0.653,0.467,0.609,0.608
Vanuatu,VUT,206.0,2017.0,0.769,0.666,0.472,0.628,0.61
Vanuatu,VUT,206.0,2018.0,0.763,0.663,0.468,0.631,0.612
Vanuatu,VUT,206.0,2019.0,0.753,0.642,0.461,0.615,0.584
Vanuatu,VUT,206.0,2020.0,0.741,0.629,0.462,0.586,0.562
Vanuatu,VUT,206.0,2021.0,0.769,0.647,0.479,0.619,0.585
Vanuatu,VUT,206.0,2022.0,0.773,0.659,0.482,0.61,0.6
Vanuatu,VUT,206.0,2023.0,0.796,0.691,0.501,0.622,0.627
United Arab Emirates,ARE,207.0,2016.0,0.097,0.091,0.031,0.085,0.141
United Arab Emirates,ARE,207.0,2017.0,0.093,0.092,0.029,0.084,0.143
United Arab Emirates,ARE,207.0,2018.0,0.093,0.094,0.029,0.074,0.142
United Arab Emirates,ARE,207.0,2019.0,0.1,0.092,0.029,0.075,0.14
United Arab Emirates,ARE,207.0,2020.0,0.101,0.09,0.04,0.082,0.139
United Arab Emirates,ARE,207.0,2021.0,0.099,0.082,0.031,0.082,0.133
United Arab Emirates,ARE,207.0,2022.0,0.102,0.086,0.032,0.082,0.137
United Arab Emirates,ARE,207.0,2023.0,0.102,0.078,0.032,0.082,0.135
Hungary,HUN,210.0,2016.0,0.613,0.474,0.418,0.349,0.458
Hungary,HUN,210.0,2017.0,0.561,0.439,0.383,0.322,0.426
Hungary,HUN,210.0,2018.0,0.482,0.376,0.328,0.272,0.343
Hungary,HUN,210.0,2019.0,0.472,0.368,0.319,0.274,0.334
Hungary,HUN,210.0,2020.0,0.465,0.356,0.315,0.24,0.328
Hungary,HUN,210.0,2021.0,0.456,0.35,0.304,0.22,0.321
Hungary,HUN,210.0,2022.0,0.449,0.337,0.301,0.211,0.318
Hungary,HUN,210.0,2023.0,0.44,0.325,0.288,0.207,0.311
Zanzibar,ZZB,236.0,2016.0,0.269,0.213,0.183,0.19,0.251
Zanzibar,ZZB,236.0,2017.0,0.266,0.214,0.18,0.189,0.237
Zanzibar,ZZB,236.0,2018.0,0.267,0.218,0.183,0.216,0.239
Zanzibar,ZZB,236.0,2019.0,0.265,0.211,0.178,0.2,0.236
Zanzibar,ZZB,236.0,2020.0,0.262,0.207,0.172,0.254,0.243
Zanzibar,ZZB,236.0,2021.0,0.273,0.22,0.177,0.252,0.247
Zanzibar,ZZB,236.0,2022.0,0.284,0.229,0.179,0.256,0.261
Zanzibar,ZZB,236.0,2023.0,0.289,0.23,0.183,0.258,0.258
